,RouteCompletionTest,RouteCompletionTest_figure,OutsideRouteLanesTest,OutsideRouteLanesTest_figure,CollisionTest,CollisionTest_figure,RunningRedLightTest,RunningRedLightTest_figure,RunningStopTest,RunningStopTest_figure,InRouteTest,InRouteTest_figure,AgentBlockedTest,AgentBlockedTest_figure,Timeout
0,0,100.0,0,0.0,0,0,0,0,0,0,0,0,0,0,0
1,0,100.0,0,0.0,0,0,0,0,0,0,0,0,0,0,0
2,0,100.0,0,0.0,0,0,0,0,0,0,0,0,0,0,0
3,1,27.8,1,60.94,1,1,0,0,0,0,0,0,0,0,0
4,1,94.98,0,0.0,0,0,0,0,0,0,0,0,0,0,1
5,0,100.0,0,0.0,0,0,0,0,0,0,0,0,0,0,0
6,1,17.84,1,13.54,0,0,0,0,0,0,0,0,0,0,1
7,0,100.0,0,0.0,0,0,0,0,0,0,0,0,0,0,0
8,0,100.0,0,0.0,0,0,0,0,0,0,0,0,0,0,0
9,0,100.0,0,0.0,0,0,0,0,0,0,0,0,0,0,0
10,0,100.0,0,0.0,0,0,0,0,0,0,0,0,0,0,0
11,0,100.0,0,0.0,0,0,0,0,0,0,0,0,0,0,0
12,0,100.0,0,0.0,0,0,0,0,0,0,0,0,0,0,0
13,1,97.1,0,0.0,0,0,0,0,0,0,0,0,0,0,1
14,1,42.82,0,0.0,0,0,0,0,0,0,0,0,0,0,1
15,0,100.0,0,0.0,0,0,0,0,0,0,0,0,0,0,0
16,1,30.3,1,27.79,1,1,0,0,0,0,0,0,0,0,0
17,1,46.23,0,0.0,0,0,0,0,0,0,0,0,0,0,1
18,0,100.0,0,0.0,0,0,0,0,0,0,0,0,0,0,0
19,1,98.56,0,0.0,0,0,0,0,0,0,0,0,0,0,1
20,1,59.91,0,0.0,0,0,0,0,0,0,0,0,0,0,1
21,0,100.0,0,0.0,0,0,0,0,0,0,0,0,0,0,0
22,0,100.0,0,0.0,0,0,0,0,0,0,0,0,0,0,0
23,0,100.0,0,0.0,0,0,0,0,0,0,0,0,0,0,0
24,0,100.0,0,0.0,0,0,0,0,0,0,0,0,0,0,0
25,0,100.0,1,27.67,0,0,0,0,0,0,0,0,0,0,0
26,0,100.0,0,0.0,0,0,0,0,0,0,0,0,0,0,0
27,1,25.04,1,42.5,1,1,0,0,0,0,0,0,0,0,0
28,1,35.16,1,38.32,1,1,0,0,0,0,0,0,0,0,0
29,0,100.0,0,0.0,0,0,0,0,0,0,0,0,0,0,0
30,1,98.82,0,0.0,0,0,0,0,0,0,0,0,0,0,1
31,0,100.0,0,0.0,0,0,0,0,0,0,0,0,0,0,0
32,0,100.0,0,0.0,0,0,0,0,0,0,0,0,0,0,0
33,1,33.39,1,11.52,1,1,0,0,0,0,0,0,0,0,0
34,0,100.0,0,0.0,0,0,0,0,0,0,0,0,0,0,0
35,0,100.0,0,0.0,0,0,0,0,0,0,0,0,0,0,0
36,0,100.0,0,0.0,0,0,0,0,0,0,0,0,0,0,0
37,0,100.0,0,0.0,0,0,0,0,0,0,0,0,0,0,0
38,1,94.99,0,0.0,0,0,0,0,0,0,0,0,0,0,1
39,0,100.0,0,0.0,0,0,0,0,0,0,0,0,0,0,0
40,0,100.0,1,30.66,0,0,0,0,0,0,0,0,0,0,0
41,0,100.0,0,0.0,0,0,0,0,0,0,0,0,0,0,0
42,0,100.0,0,0.0,0,0,0,0,0,0,0,0,0,0,0
43,0,100.0,0,0.0,0,0,0,0,0,0,0,0,0,0,0
44,0,100.0,0,0.0,0,0,0,0,0,0,0,0,0,0,0
45,0,100.0,0,0.0,0,0,0,0,0,0,0,0,0,0,0
46,0,100.0,0,0.0,0,0,0,0,0,0,0,0,0,0,0
47,0,100.0,0,0.0,0,0,0,0,0,0,0,0,0,0,0
48,1,98.11,0,0.0,0,0,0,0,0,0,0,0,0,0,1
49,0,100.0,1,25.03,0,0,0,0,0,0,0,0,0,0,0
50,0,100.0,0,0.0,0,0,0,0,0,0,0,0,0,0,0
51,0,100.0,0,0.0,0,0,0,0,0,0,0,0,0,0,0
52,0,100.0,0,0.0,0,0,0,0,0,0,0,0,0,0,0
53,0,100.0,0,0.0,0,0,0,0,0,0,0,0,0,0,0
54,1,56.47,0,0.0,0,0,0,0,0,0,0,0,0,0,1
55,0,100.0,0,0.0,0,0,0,0,0,0,0,0,0,0,0
56,1,97.1,0,0.0,0,0,0,0,0,0,0,0,0,0,1
57,1,29.56,1,11.06,0,0,0,0,0,0,0,0,0,0,1
58,0,100.0,0,0.0,0,0,0,0,0,0,0,0,0,0,0
59,1,99.0,0,0.0,0,0,0,0,0,0,0,0,0,0,1
60,0,100.0,0,0.0,0,0,0,0,0,0,0,0,0,0,0
61,0,100.0,0,0.0,0,0,0,0,0,0,0,0,0,0,0
62,0,100.0,0,0.0,0,0,0,0,0,0,0,0,0,0,0
63,1,49.93,0,0.0,0,0,0,0,0,0,0,0,0,0,1
64,1,44.4,0,0.0,0,0,0,0,0,0,0,0,0,0,1
65,0,100.0,0,0.0,0,0,0,0,0,0,0,0,0,0,0
66,1,98.52,0,0.0,0,0,0,0,0,0,0,0,0,0,1
67,0,100.0,0,0.0,0,0,0,0,0,0,0,0,0,0,0
68,1,98.06,0,0.0,0,0,0,0,0,0,0,0,0,0,1
69,0,100.0,0,0.0,0,0,0,0,0,0,0,0,0,0,0
70,1,98.74,0,0.0,0,0,0,0,0,0,0,0,0,0,1
71,0,100.0,0,0.0,0,0,0,0,0,0,0,0,0,0,0
72,1,98.51,0,0.0,0,0,0,0,0,0,0,0,0,0,1
73,0,100.0,0,0.0,0,0,0,0,0,0,0,0,0,0,0
74,0,100.0,0,0.0,0,0,0,0,0,0,0,0,0,0,0
75,0,100.0,0,0.0,0,0,0,0,0,0,0,0,0,0,0
76,0,100.0,0,0.0,0,0,0,0,0,0,0,0,0,0,0
77,1,98.61,0,0.0,0,0,0,0,0,0,0,0,0,0,1
78,0,100.0,0,0.0,0,0,0,0,0,0,0,0,0,0,0
79,1,96.42,0,0.0,0,0,0,0,0,0,0,0,0,0,1
80,1,37.02,0,0.0,0,0,0,0,0,0,0,0,0,0,1
81,0,100.0,0,0.0,0,0,0,0,0,0,0,0,0,0,0
82,1,36.66,0,0.0,0,0,0,0,0,0,0,0,0,0,1
83,0,100.0,0,0.0,0,0,0,0,0,0,0,0,0,0,0
84,0,100.0,0,0.0,0,0,0,0,0,0,0,0,0,0,0
85,0,100.0,0,0.0,0,0,0,0,0,0,0,0,0,0,0
86,0,100.0,1,28.3,0,0,0,0,0,0,0,0,0,0,0
87,0,100.0,0,0.0,0,0,0,0,0,0,0,0,0,0,0
88,0,100.0,0,0.0,0,0,0,0,0,0,0,0,0,0,0
89,1,43.41,0,0.0,0,0,0,0,0,0,0,0,0,0,1
90,0,100.0,0,0.0,0,0,0,0,0,0,0,0,0,0,0
91,0,100.0,0,0.0,0,0,0,0,0,0,0,0,0,0,0
92,0,100.0,0,0.0,0,0,0,0,0,0,0,0,0,0,0
93,1,37.2,1,36.47,0,0,0,0,0,0,0,0,0,0,1
94,1,29.7,1,5.48,1,1,0,0,0,0,0,0,0,0,0
95,1,43.11,0,0.0,0,0,0,0,0,0,0,0,0,0,1
96,0,100.0,0,0.0,0,0,0,0,0,0,0,0,0,0,0
97,0,100.0,0,0.0,0,0,0,0,0,0,0,0,0,0,0
98,1,28.36,1,55.44,1,1,0,0,0,0,0,0,0,0,0
99,0,100.0,1,17.96,0,0,0,0,0,0,0,0,0,0,0
100,0,100.0,0,0.0,0,0,0,0,0,0,0,0,0,0,0
101,1,98.09,0,0.0,0,0,0,0,0,0,0,0,0,0,1
102,0,100.0,0,0.0,0,0,0,0,0,0,0,0,0,0,0
103,0,100.0,0,0.0,0,0,0,0,0,0,0,0,0,0,0
104,0,100.0,0,0.0,0,0,0,0,0,0,0,0,0,0,0
105,1,98.35,0,0.0,0,0,0,0,0,0,0,0,0,0,1
106,0,100.0,0,0.0,0,0,0,0,0,0,0,0,0,0,0
107,1,53.42,0,0.0,0,0,0,0,0,0,0,0,0,0,1
108,1,95.26,1,54.97,0,0,0,0,0,0,0,0,0,0,1
109,0,100.0,0,0.0,0,0,0,0,0,0,0,0,0,0,0
110,0,100.0,0,0.0,0,0,0,0,0,0,0,0,0,0,0
111,0,100.0,0,0.0,0,0,0,0,0,0,0,0,0,0,0
112,1,32.77,1,40.27,1,1,0,0,0,0,0,0,0,0,0
113,0,100.0,0,0.0,0,0,0,0,0,0,0,0,0,0,0
114,1,30.52,1,39.4,1,1,0,0,0,0,0,0,0,0,0
115,1,97.97,0,0.0,0,0,0,0,0,0,0,0,0,0,1
116,0,100.0,0,0.0,0,0,0,0,0,0,0,0,0,0,0
117,0,100.0,0,0.0,0,0,0,0,0,0,0,0,0,0,0
118,0,100.0,0,0.0,0,0,0,0,0,0,0,0,0,0,0
119,0,100.0,0,0.0,0,0,0,0,0,0,0,0,0,0,0
120,1,65.27,0,0.0,0,0,0,0,0,0,0,0,0,0,1
121,0,100.0,0,0.0,0,0,0,0,0,0,0,0,0,0,0
122,0,100.0,0,0.0,0,0,0,0,0,0,0,0,0,0,0
123,0,100.0,0,0.0,0,0,0,0,0,0,0,0,0,0,0
124,0,100.0,0,0.0,0,0,0,0,0,0,0,0,0,0,0
125,0,100.0,0,0.0,0,0,0,0,0,0,0,0,0,0,0
126,0,100.0,0,0.0,0,0,0,0,0,0,0,0,0,0,0
127,0,100.0,1,17.79,0,0,0,0,0,0,0,0,0,0,0
128,0,100.0,0,0.0,0,0,0,0,0,0,0,0,0,0,0
129,0,100.0,0,0.0,0,0,0,0,0,0,0,0,0,0,0
130,0,100.0,0,0.0,0,0,0,0,0,0,0,0,0,0,0
131,0,100.0,1,29.55,0,0,0,0,0,0,0,0,0,0,0
132,0,100.0,0,0.0,0,0,0,0,0,0,0,0,0,0,0
133,0,100.0,0,0.0,0,0,0,0,0,0,0,0,0,0,0
134,0,100.0,1,47.26,0,0,0,0,0,0,0,0,0,0,0
135,1,29.35,1,30.29,0,0,0,0,0,0,0,0,0,0,1
136,0,100.0,1,28.36,0,0,0,0,0,0,0,0,0,0,0
137,0,100.0,0,0.0,0,0,0,0,0,0,0,0,0,0,0
138,0,100.0,0,0.0,0,0,0,0,0,0,0,0,0,0,0
139,0,100.0,1,28.71,0,0,0,0,0,0,0,0,0,0,0
140,0,100.0,0,0.0,0,0,0,0,0,0,0,0,0,0,0
141,0,100.0,0,0.0,0,0,0,0,0,0,0,0,0,0,0
142,0,100.0,0,0.0,0,0,0,0,0,0,0,0,0,0,0
143,0,100.0,0,0.0,0,0,0,0,0,0,0,0,0,0,0
144,1,26.21,1,9.48,1,1,0,0,0,0,0,0,0,0,0
145,0,100.0,0,0.0,0,0,0,0,0,0,0,0,0,0,0
146,0,100.0,0,0.0,0,0,0,0,0,0,0,0,0,0,0
147,1,42.31,1,28.74,1,1,0,0,0,0,0,0,0,0,0
148,1,30.55,1,40.01,1,1,0,0,0,0,0,0,0,0,0
149,0,100.0,1,34.26,0,0,0,0,0,0,0,0,0,0,0
150,0,100.0,0,0.0,0,0,0,0,0,0,0,0,0,0,0
151,0,100.0,0,0.0,0,0,0,0,0,0,0,0,0,0,0
152,0,100.0,0,0.0,0,0,0,0,0,0,0,0,0,0,0
153,0,100.0,0,0.0,0,0,0,0,0,0,0,0,0,0,0
154,0,100.0,0,0.0,0,0,0,0,0,0,0,0,0,0,0
155,0,100.0,0,0.0,0,0,0,0,0,0,0,0,0,0,0
156,0,100.0,0,0.0,0,0,0,0,0,0,0,0,0,0,0
157,1,98.67,0,0.0,0,0,0,0,0,0,0,0,0,0,1
158,0,100.0,0,0.0,0,0,0,0,0,0,0,0,0,0,0
159,0,100.0,0,0.0,0,0,0,0,0,0,0,0,0,0,0
160,1,98.03,0,0.0,0,0,0,0,0,0,0,0,0,0,1
161,0,100.0,0,0.0,0,0,0,0,0,0,0,0,0,0,0
162,1,93.89,0,0.0,0,0,0,0,0,0,0,0,0,0,1
163,0,100.0,0,0.0,0,0,0,0,0,0,0,0,0,0,0
164,1,31.72,1,48.38,0,0,0,0,0,0,0,0,0,0,1
165,0,100.0,0,0.0,0,0,0,0,0,0,0,0,0,0,0
166,1,95.82,0,0.0,0,0,0,0,0,0,0,0,0,0,1
167,1,94.49,0,0.0,0,0,0,0,0,0,0,0,0,0,1
168,0,100.0,0,0.0,0,0,0,0,0,0,0,0,0,0,0
169,0,100.0,0,0.0,0,0,0,0,0,0,0,0,0,0,0
170,0,100.0,0,0.0,0,0,0,0,0,0,0,0,0,0,0
171,1,96.53,1,34.49,0,0,0,0,0,0,0,0,0,0,1
172,1,98.87,1,36.98,0,0,0,0,0,0,0,0,0,0,1
173,0,100.0,0,0.0,0,0,0,0,0,0,0,0,0,0,0
174,0,100.0,0,0.0,0,0,0,0,0,0,0,0,0,0,0
175,1,29.92,1,27.01,0,0,0,0,0,0,0,0,0,0,1
176,1,30.81,1,60.43,1,1,0,0,0,0,0,0,0,0,0
177,0,100.0,0,0.0,0,0,0,0,0,0,0,0,0,0,0
178,0,100.0,0,0.0,0,0,0,0,0,0,0,0,0,0,0
179,0,100.0,0,0.0,0,0,0,0,0,0,0,0,0,0,0
180,0,100.0,0,0.0,0,0,0,0,0,0,0,0,0,0,0
181,0,100.0,0,0.0,0,0,0,0,0,0,0,0,0,0,0
182,1,98.52,0,0.0,0,0,0,0,0,0,0,0,0,0,1
183,0,100.0,0,0.0,0,0,0,0,0,0,0,0,0,0,0
184,0,100.0,0,0.0,0,0,0,0,0,0,0,0,0,0,0
185,1,54.29,1,53.1,0,0,0,0,0,0,0,0,0,0,1
186,0,100.0,0,0.0,0,0,0,0,0,0,0,0,0,0,0
187,0,100.0,0,0.0,0,0,0,0,0,0,0,0,0,0,0
188,0,100.0,0,0.0,0,0,0,0,0,0,0,0,0,0,0
189,0,100.0,0,0.0,0,0,0,0,0,0,0,0,0,0,0
190,1,33.23,1,32.04,1,1,0,0,0,0,0,0,0,0,0
191,0,100.0,0,0.0,0,0,0,0,0,0,0,0,0,0,0
192,0,100.0,1,28.94,0,0,0,0,0,0,0,0,0,0,0
193,0,100.0,0,0.0,0,0,0,0,0,0,0,0,0,0,0
194,0,100.0,0,0.0,0,0,0,0,0,0,0,0,0,0,0
195,0,100.0,0,0.0,0,0,0,0,0,0,0,0,0,0,0
196,1,41.15,0,0.0,0,0,0,0,0,0,0,0,0,0,1
197,0,100.0,1,31.12,0,0,0,0,0,0,0,0,0,0,0
198,1,96.5,0,0.0,0,0,0,0,0,0,0,0,0,0,1
199,0,100.0,0,0.0,0,0,0,0,0,0,0,0,0,0,0
200,0,100.0,0,0.0,0,0,0,0,0,0,0,0,0,0,0
201,1,36.24,0,0.0,1,1,0,0,0,0,0,0,0,0,0
202,1,22.03,1,26.08,0,0,0,0,0,0,0,0,0,0,1
203,0,100.0,0,0.0,0,0,0,0,0,0,0,0,0,0,0
204,0,100.0,0,0.0,0,0,0,0,0,0,0,0,0,0,0
205,0,100.0,0,0.0,0,0,0,0,0,0,0,0,0,0,0
206,0,100.0,1,10.68,0,0,0,0,0,0,0,0,0,0,0
207,1,25.16,1,31.21,1,1,0,0,0,0,0,0,0,0,0
208,1,48.19,0,0.0,0,0,0,0,0,0,0,0,0,0,1
209,1,98.49,0,0.0,0,0,0,0,0,0,0,0,0,0,1
210,0,100.0,0,0.0,0,0,0,0,0,0,0,0,0,0,0
211,0,100.0,1,28.1,0,0,0,0,0,0,0,0,0,0,0
212,0,100.0,0,0.0,0,0,0,0,0,0,0,0,0,0,0
213,0,100.0,0,0.0,0,0,0,0,0,0,0,0,0,0,0
214,0,100.0,0,0.0,0,0,0,0,0,0,0,0,0,0,0
215,1,98.01,0,0.0,0,0,0,0,0,0,0,0,0,0,1
216,0,100.0,1,34.91,0,0,0,0,0,0,0,0,0,0,0
217,0,100.0,0,0.0,0,0,0,0,0,0,0,0,0,0,0
218,1,31.01,1,53.95,1,1,0,0,0,0,0,0,0,0,0
219,0,100.0,0,0.0,0,0,0,0,0,0,0,0,0,0,0
220,1,40.88,0,0.0,0,0,0,0,0,0,0,0,0,0,1
221,0,100.0,0,0.0,0,0,0,0,0,0,0,0,0,0,0
222,1,97.62,0,0.0,0,0,0,0,0,0,0,0,0,0,1
223,0,100.0,0,0.0,0,0,0,0,0,0,0,0,0,0,0
224,0,100.0,0,0.0,0,0,0,0,0,0,0,0,0,0,0
225,0,100.0,0,0.0,0,0,0,0,0,0,0,0,0,0,0
226,0,100.0,0,0.0,0,0,0,0,0,0,0,0,0,0,0
227,1,97.81,0,0.0,0,0,0,0,0,0,0,0,0,0,1
228,0,100.0,0,0.0,0,0,0,0,0,0,0,0,0,0,0
229,1,47.63,0,0.0,0,0,0,0,0,0,0,0,0,0,1
230,0,100.0,0,0.0,0,0,0,0,0,0,0,0,0,0,0
231,0,100.0,0,0.0,0,0,0,0,0,0,0,0,0,0,0
232,1,96.84,0,0.0,0,0,0,0,0,0,0,0,0,0,1
233,0,100.0,0,0.0,0,0,0,0,0,0,0,0,0,0,0
234,0,100.0,0,0.0,0,0,0,0,0,0,0,0,0,0,0
235,1,60.93,0,0.0,0,0,0,0,0,0,0,0,0,0,1
236,0,100.0,0,0.0,0,0,0,0,0,0,0,0,0,0,0
237,0,100.0,0,0.0,0,0,0,0,0,0,0,0,0,0,0
238,1,43.14,0,0.0,0,0,0,0,0,0,0,0,0,0,1
239,1,97.6,0,0.0,0,0,0,0,0,0,0,0,0,0,1
240,0,100.0,0,0.0,0,0,0,0,0,0,0,0,0,0,0
241,1,95.27,0,0.0,0,0,0,0,0,0,0,0,0,0,1
242,0,100.0,0,0.0,0,0,0,0,0,0,0,0,0,0,0
243,1,39.01,1,47.54,0,0,0,0,0,0,0,0,0,0,1
244,0,100.0,0,0.0,0,0,0,0,0,0,0,0,0,0,0
245,0,100.0,0,0.0,0,0,0,0,0,0,0,0,0,0,0
246,1,49.42,0,0.0,0,0,0,0,0,0,0,0,0,0,1
247,1,98.13,0,0.0,0,0,0,0,0,0,0,0,0,0,1
248,0,100.0,0,0.0,0,0,0,0,0,0,0,0,0,0,0
249,0,100.0,1,28.2,0,0,0,0,0,0,0,0,0,0,0
250,0,100.0,0,0.0,0,0,0,0,0,0,0,0,0,0,0
251,1,95.16,0,0.0,0,0,0,0,0,0,0,0,0,0,1
252,0,100.0,0,0.0,0,0,0,0,0,0,0,0,0,0,0
253,0,100.0,0,0.0,0,0,0,0,0,0,0,0,0,0,0
254,1,54.65,0,0.0,0,0,0,0,0,0,0,0,0,0,1
255,1,47.01,1,29.49,0,0,0,0,0,0,0,0,0,0,1
256,0,100.0,0,0.0,0,0,0,0,0,0,0,0,0,0,0
257,0,100.0,0,0.0,0,0,0,0,0,0,0,0,0,0,0
258,0,100.0,0,0.0,0,0,0,0,0,0,0,0,0,0,0
259,0,100.0,0,0.0,0,0,0,0,0,0,0,0,0,0,0
260,0,100.0,0,0.0,0,0,0,0,0,0,0,0,0,0,0
261,1,23.84,1,22.09,0,0,0,0,0,0,0,0,0,0,1
262,0,100.0,0,0.0,0,0,0,0,0,0,0,0,0,0,0
263,0,100.0,1,20.08,0,0,0,0,0,0,0,0,0,0,0
264,0,100.0,0,0.0,0,0,0,0,0,0,0,0,0,0,0
265,1,47.05,0,0.0,0,0,0,0,0,0,0,0,0,0,1
266,1,97.21,0,0.0,0,0,0,0,0,0,0,0,0,0,1
267,0,100.0,0,0.0,0,0,0,0,0,0,0,0,0,0,0
268,0,100.0,1,35.39,0,0,0,0,0,0,0,0,0,0,0
269,0,100.0,0,0.0,0,0,0,0,0,0,0,0,0,0,0
270,1,64.39,0,0.0,0,0,0,0,0,0,0,0,0,0,1
271,0,100.0,0,0.0,0,0,0,0,0,0,0,0,0,0,0
272,0,100.0,0,0.0,0,0,0,0,0,0,0,0,0,0,0
273,0,100.0,0,0.0,0,0,0,0,0,0,0,0,0,0,0
274,0,100.0,0,0.0,0,0,0,0,0,0,0,0,0,0,0
275,0,100.0,0,0.0,0,0,0,0,0,0,0,0,0,0,0
276,0,100.0,1,46.07,0,0,0,0,0,0,0,0,0,0,0
277,1,70.88,0,0.0,0,0,0,0,0,0,0,0,0,0,1
278,0,100.0,0,0.0,0,0,0,0,0,0,0,0,0,0,0
279,0,100.0,0,0.0,0,0,0,0,0,0,0,0,0,0,0
280,0,100.0,0,0.0,0,0,0,0,0,0,0,0,0,0,0
281,0,100.0,0,0.0,0,0,0,0,0,0,0,0,0,0,0
282,0,100.0,0,0.0,0,0,0,0,0,0,0,0,0,0,0
283,0,100.0,0,0.0,0,0,0,0,0,0,0,0,0,0,0
284,0,100.0,0,0.0,0,0,0,0,0,0,0,0,0,0,0
285,1,41.89,0,0.0,0,0,0,0,0,0,0,0,0,0,1
286,0,100.0,0,0.0,0,0,0,0,0,0,0,0,0,0,0
287,0,100.0,0,0.0,0,0,0,0,0,0,0,0,0,0,0
288,1,98.86,0,0.0,0,0,0,0,0,0,0,0,0,0,1
289,0,100.0,0,0.0,0,0,0,0,0,0,0,0,0,0,0
290,0,100.0,0,0.0,0,0,0,0,0,0,0,0,0,0,0
291,1,98.89,0,0.0,0,0,0,0,0,0,0,0,0,0,1
292,0,100.0,0,0.0,0,0,0,0,0,0,0,0,0,0,0
293,0,100.0,0,0.0,0,0,0,0,0,0,0,0,0,0,0
294,0,100.0,1,26.99,0,0,0,0,0,0,0,0,0,0,0
295,0,100.0,0,0.0,0,0,0,0,0,0,0,0,0,0,0
296,1,97.21,0,0.0,0,0,0,0,0,0,0,0,0,0,1
297,0,100.0,0,0.0,0,0,0,0,0,0,0,0,0,0,0
298,0,100.0,0,0.0,0,0,0,0,0,0,0,0,0,0,0
299,0,100.0,0,0.0,0,0,0,0,0,0,0,0,0,0,0
300,0,100.0,0,0.0,0,0,0,0,0,0,0,0,0,0,0
301,1,66.87,0,0.0,0,0,0,0,0,0,0,0,0,0,1
302,1,72.79,0,0.0,0,0,0,0,0,0,0,0,0,0,1
303,0,100.0,0,0.0,0,0,0,0,0,0,0,0,0,0,0
304,0,100.0,0,0.0,0,0,0,0,0,0,0,0,0,0,0
305,1,58.77,0,0.0,0,0,0,0,0,0,0,0,0,0,1
306,1,39.07,1,20.74,1,1,0,0,0,0,0,0,0,0,0
307,0,100.0,0,0.0,0,0,0,0,0,0,0,0,0,0,0
308,0,100.0,0,0.0,0,0,0,0,0,0,0,0,0,0,0
309,0,100.0,0,0.0,0,0,0,0,0,0,0,0,0,0,0
310,1,21.53,1,50.66,1,1,0,0,0,0,0,0,0,0,0
311,1,42.39,0,0.0,0,0,0,0,0,0,0,0,0,0,1
312,1,37.06,1,36.7,0,0,0,0,0,0,0,0,0,0,1
313,0,100.0,0,0.0,0,0,0,0,0,0,0,0,0,0,0
314,0,100.0,0,0.0,0,0,0,0,0,0,0,0,0,0,0
315,0,100.0,0,0.0,0,0,0,0,0,0,0,0,0,0,0
316,0,100.0,0,0.0,0,0,0,0,0,0,0,0,0,0,0
317,1,45.42,0,0.0,0,0,0,0,0,0,0,0,0,0,1
318,0,100.0,0,0.0,0,0,0,0,0,0,0,0,0,0,0
319,0,100.0,0,0.0,0,0,0,0,0,0,0,0,0,0,0
320,0,100.0,0,0.0,0,0,0,0,0,0,0,0,0,0,0
321,1,53.38,0,0.0,0,0,0,0,0,0,0,0,0,0,1
322,0,100.0,1,34.47,0,0,0,0,0,0,0,0,0,0,0
323,0,100.0,0,0.0,0,0,0,0,0,0,0,0,0,0,0
324,0,100.0,0,0.0,0,0,0,0,0,0,0,0,0,0,0
325,0,100.0,0,0.0,0,0,0,0,0,0,0,0,0,0,0
326,0,100.0,0,0.0,0,0,0,0,0,0,0,0,0,0,0
327,0,100.0,0,0.0,0,0,0,0,0,0,0,0,0,0,0
328,0,100.0,0,0.0,0,0,0,0,0,0,0,0,0,0,0
329,0,100.0,1,20.76,0,0,0,0,0,0,0,0,0,0,0
330,0,100.0,0,0.0,0,0,0,0,0,0,0,0,0,0,0
331,0,100.0,0,0.0,0,0,0,0,0,0,0,0,0,0,0
332,0,100.0,1,18.83,0,0,0,0,0,0,0,0,0,0,0
333,1,94.28,0,0.0,0,0,0,0,0,0,0,0,0,0,1
334,0,100.0,0,0.0,0,0,0,0,0,0,0,0,0,0,0
335,1,26.75,1,21.14,1,1,0,0,0,0,0,0,0,0,0
336,1,54.26,0,0.0,0,0,0,0,0,0,0,0,0,0,1
337,0,100.0,0,0.0,0,0,0,0,0,0,0,0,0,0,0
338,1,37.16,1,8.07,1,1,0,0,0,0,0,0,0,0,0
339,0,100.0,1,37.71,0,0,0,0,0,0,0,0,0,0,0
340,0,100.0,0,0.0,0,0,0,0,0,0,0,0,0,0,0
341,0,100.0,0,0.0,0,0,0,0,0,0,0,0,0,0,0
342,0,100.0,1,6.43,0,0,0,0,0,0,0,0,0,0,0
343,0,100.0,0,0.0,0,0,0,0,0,0,0,0,0,0,0
344,0,100.0,0,0.0,0,0,0,0,0,0,0,0,0,0,0
345,0,100.0,0,0.0,0,0,0,0,0,0,0,0,0,0,0
346,0,100.0,0,0.0,0,0,0,0,0,0,0,0,0,0,0
347,0,100.0,0,0.0,0,0,0,0,0,0,0,0,0,0,0
348,0,100.0,1,13.95,0,0,0,0,0,0,0,0,0,0,0
349,0,100.0,0,0.0,0,0,0,0,0,0,0,0,0,0,0
350,0,100.0,1,7.87,0,0,0,0,0,0,0,0,0,0,0
351,1,98.95,0,0.0,0,0,0,0,0,0,0,0,0,0,1
352,1,97.0,1,27.77,0,0,0,0,0,0,0,0,0,0,1
353,1,98.59,0,0.0,0,0,0,0,0,0,0,0,0,0,1
354,0,100.0,0,0.0,0,0,0,0,0,0,0,0,0,0,0
355,0,100.0,0,0.0,0,0,0,0,0,0,0,0,0,0,0
356,0,100.0,0,0.0,0,0,0,0,0,0,0,0,0,0,0
357,0,100.0,0,0.0,0,0,0,0,0,0,0,0,0,0,0
358,1,98.63,0,0.0,0,0,0,0,0,0,0,0,0,0,1
359,1,29.62,1,0.0,1,1,0,0,0,0,0,0,0,0,0
360,1,98.58,0,0.0,0,0,0,0,0,0,0,0,0,0,1
361,0,100.0,1,30.7,0,0,0,0,0,0,0,0,0,0,0
362,1,21.95,1,8.18,0,0,0,0,0,0,0,0,0,0,1
363,0,100.0,0,0.0,0,0,0,0,0,0,0,0,0,0,0
364,0,100.0,0,0.0,0,0,0,0,0,0,0,0,0,0,0
365,0,100.0,1,33.48,0,0,0,0,0,0,0,0,0,0,0
366,0,100.0,0,0.0,0,0,0,0,0,0,0,0,0,0,0
367,0,100.0,0,0.0,0,0,0,0,0,0,0,0,0,0,0
368,1,20.08,0,0.0,1,1,0,0,0,0,0,0,0,0,0
369,1,97.91,0,0.0,0,0,0,0,0,0,0,0,0,0,1
370,0,100.0,0,0.0,0,0,0,0,0,0,0,0,0,0,0
371,0,100.0,0,0.0,0,0,0,0,0,0,0,0,0,0,0
372,0,100.0,0,0.0,0,0,0,0,0,0,0,0,0,0,0
373,0,100.0,0,0.0,0,0,0,0,0,0,0,0,0,0,0
374,0,100.0,0,0.0,0,0,0,0,0,0,0,0,0,0,0
375,0,100.0,0,0.0,0,0,0,0,0,0,0,0,0,0,0
376,0,100.0,0,0.0,0,0,0,0,0,0,0,0,0,0,0
377,1,96.62,0,0.0,0,0,0,0,0,0,0,0,0,0,1
378,0,100.0,0,0.0,0,0,0,0,0,0,0,0,0,0,0
379,0,100.0,0,0.0,0,0,0,0,0,0,0,0,0,0,0
380,0,100.0,0,0.0,0,0,0,0,0,0,0,0,0,0,0
381,0,100.0,0,0.0,0,0,0,0,0,0,0,0,0,0,0
382,0,100.0,0,0.0,0,0,0,0,0,0,0,0,0,0,0
383,1,29.96,1,43.0,1,1,0,0,0,0,0,0,0,0,0
384,0,100.0,0,0.0,0,0,0,0,0,0,0,0,0,0,0
385,1,97.71,0,0.0,0,0,0,0,0,0,0,0,0,0,1
386,0,100.0,0,0.0,0,0,0,0,0,0,0,0,0,0,0
387,1,37.32,1,39.92,0,0,0,0,0,0,0,0,0,0,1
388,0,100.0,0,0.0,0,0,0,0,0,0,0,0,0,0,0
389,0,100.0,0,0.0,0,0,0,0,0,0,0,0,0,0,0
390,1,43.05,0,0.0,0,0,0,0,0,0,0,0,0,0,1
391,0,100.0,0,0.0,0,0,0,0,0,0,0,0,0,0,0
392,0,100.0,1,21.46,0,0,0,0,0,0,0,0,0,0,0
393,1,97.36,0,0.0,0,0,0,0,0,0,0,0,0,0,1
394,0,100.0,0,0.0,0,0,0,0,0,0,0,0,0,0,0
395,1,30.29,1,37.8,1,1,0,0,0,0,0,0,0,0,0
396,0,100.0,0,0.0,0,0,0,0,0,0,0,0,0,0,0
397,1,38.51,1,26.45,0,0,0,0,0,0,0,0,0,0,1
398,1,98.55,0,0.0,0,0,0,0,0,0,0,0,0,0,1
399,1,43.47,0,0.0,0,0,0,0,0,0,0,0,0,0,1
400,1,34.3,1,27.2,0,0,0,0,0,0,0,0,0,0,1
401,1,23.38,0,0.0,1,1,0,0,0,0,0,0,0,0,0
402,0,100.0,0,0.0,0,0,0,0,0,0,0,0,0,0,0
403,1,98.6,0,0.0,0,0,0,0,0,0,0,0,0,0,1
404,0,100.0,0,0.0,0,0,0,0,0,0,0,0,0,0,0
405,0,100.0,0,0.0,0,0,0,0,0,0,0,0,0,0,0
406,0,100.0,0,0.0,0,0,0,0,0,0,0,0,0,0,0
407,1,36.17,1,58.8,1,1,0,0,0,0,0,0,0,0,0
408,1,40.43,0,0.0,0,0,0,0,0,0,0,0,0,0,1
409,0,100.0,0,0.0,0,0,0,0,0,0,0,0,0,0,0
410,0,100.0,1,2.32,0,0,0,0,0,0,0,0,0,0,0
411,0,100.0,0,0.0,0,0,0,0,0,0,0,0,0,0,0
412,0,100.0,0,0.0,0,0,0,0,0,0,0,0,0,0,0
413,0,100.0,1,38.67,0,0,0,0,0,0,0,0,0,0,0
414,1,66.3,0,0.0,0,0,0,0,0,0,0,0,0,0,1
415,0,100.0,0,0.0,0,0,0,0,0,0,0,0,0,0,0
416,0,100.0,0,0.0,0,0,0,0,0,0,0,0,0,0,0
417,1,45.94,0,0.0,0,0,0,0,0,0,0,0,0,0,1
418,0,100.0,0,0.0,0,0,0,0,0,0,0,0,0,0,0
419,0,100.0,0,0.0,0,0,0,0,0,0,0,0,0,0,0
420,1,28.91,0,0.0,1,1,0,0,0,0,0,0,0,0,0
421,0,100.0,0,0.0,0,0,0,0,0,0,0,0,0,0,0
422,1,97.3,1,30.21,0,0,0,0,0,0,0,0,0,0,1
423,0,100.0,0,0.0,0,0,0,0,0,0,0,0,0,0,0
424,1,63.15,0,0.0,0,0,0,0,0,0,0,0,0,0,1
425,0,100.0,0,0.0,0,0,0,0,0,0,0,0,0,0,0
426,0,100.0,0,0.0,0,0,0,0,0,0,0,0,0,0,0
427,1,41.45,1,27.8,1,1,0,0,0,0,0,0,0,0,0
428,1,30.14,1,42.64,0,0,0,0,0,0,0,0,0,0,1
429,0,100.0,0,0.0,0,0,0,0,0,0,0,0,0,0,0
430,0,100.0,0,0.0,0,0,0,0,0,0,0,0,0,0,0
431,0,100.0,0,0.0,0,0,0,0,0,0,0,0,0,0,0
432,1,64.9,0,0.0,0,0,0,0,0,0,0,0,0,0,1
433,0,100.0,0,0.0,0,0,0,0,0,0,0,0,0,0,0
434,1,41.92,0,0.0,0,0,0,0,0,0,0,0,0,0,1
435,1,98.93,0,0.0,0,0,0,0,0,0,0,0,0,0,1
436,0,100.0,0,0.0,0,0,0,0,0,0,0,0,0,0,0
437,0,100.0,0,0.0,0,0,0,0,0,0,0,0,0,0,0
438,1,54.21,0,0.0,0,0,0,0,0,0,0,0,0,0,1
439,0,100.0,0,0.0,0,0,0,0,0,0,0,0,0,0,0
440,0,100.0,0,0.0,0,0,0,0,0,0,0,0,0,0,0
441,0,100.0,0,0.0,0,0,0,0,0,0,0,0,0,0,0
442,0,100.0,0,0.0,0,0,0,0,0,0,0,0,0,0,0
443,0,100.0,0,0.0,0,0,0,0,0,0,0,0,0,0,0
444,0,100.0,0,0.0,0,0,0,0,0,0,0,0,0,0,0
445,0,100.0,1,29.01,0,0,0,0,0,0,0,0,0,0,0
446,0,100.0,1,28.0,0,0,0,0,0,0,0,0,0,0,0
447,1,97.58,0,0.0,0,0,0,0,0,0,0,0,0,0,1
448,1,45.75,0,0.0,0,0,0,0,0,0,0,0,0,0,1
449,0,100.0,0,0.0,0,0,0,0,0,0,0,0,0,0,0
450,1,46.91,0,0.0,0,0,0,0,0,0,0,0,0,0,1
451,1,98.86,0,0.0,0,0,0,0,0,0,0,0,0,0,1
452,0,100.0,0,0.0,0,0,0,0,0,0,0,0,0,0,0
453,0,100.0,0,0.0,0,0,0,0,0,0,0,0,0,0,0
454,0,100.0,0,0.0,0,0,0,0,0,0,0,0,0,0,0
455,0,100.0,0,0.0,0,0,0,0,0,0,0,0,0,0,0
456,0,100.0,1,32.85,0,0,0,0,0,0,0,0,0,0,0
457,1,98.98,0,0.0,0,0,0,0,0,0,0,0,0,0,1
458,1,42.01,1,15.93,1,1,0,0,0,0,0,0,0,0,0
459,1,98.18,0,0.0,0,0,0,0,0,0,0,0,0,0,1
460,0,100.0,0,0.0,0,0,0,0,0,0,0,0,0,0,0
461,0,100.0,0,0.0,0,0,0,0,0,0,0,0,0,0,0
462,0,100.0,0,0.0,0,0,0,0,0,0,0,0,0,0,0
463,0,100.0,1,24.99,0,0,0,0,0,0,0,0,0,0,0
464,0,100.0,0,0.0,0,0,0,0,0,0,0,0,0,0,0
465,0,100.0,0,0.0,0,0,0,0,0,0,0,0,0,0,0
466,1,28.19,1,45.9,0,0,0,0,0,0,0,0,0,0,1
467,1,95.57,0,0.0,0,0,0,0,0,0,0,0,0,0,1
468,0,100.0,0,0.0,0,0,0,0,0,0,0,0,0,0,0
469,0,100.0,0,0.0,0,0,0,0,0,0,0,0,0,0,0
470,0,100.0,0,0.0,0,0,0,0,0,0,0,0,0,0,0
471,1,98.24,0,0.0,0,0,0,0,0,0,0,0,0,0,1
472,1,24.05,1,47.07,1,1,0,0,0,0,0,0,0,0,0
473,0,100.0,0,0.0,0,0,0,0,0,0,0,0,0,0,0
474,1,37.29,1,62.15,1,1,0,0,0,0,0,0,0,0,0
475,0,100.0,0,0.0,0,0,0,0,0,0,0,0,0,0,0
476,1,95.38,0,0.0,0,0,0,0,0,0,0,0,0,0,1
477,0,100.0,0,0.0,0,0,0,0,0,0,0,0,0,0,0
478,1,32.79,1,45.91,0,0,0,0,0,0,0,0,0,0,1
479,0,100.0,0,0.0,0,0,0,0,0,0,0,0,0,0,0
480,1,41.45,0,0.0,0,0,0,0,0,0,0,0,0,0,1
481,0,100.0,0,0.0,0,0,0,0,0,0,0,0,0,0,0
482,1,42.03,0,0.0,0,0,0,0,0,0,0,0,0,0,1
483,0,100.0,0,0.0,0,0,0,0,0,0,0,0,0,0,0
484,1,98.81,0,0.0,0,0,0,0,0,0,0,0,0,0,1
485,0,100.0,0,0.0,0,0,0,0,0,0,0,0,0,0,0
486,0,100.0,1,43.52,0,0,0,0,0,0,0,0,0,0,0
487,0,100.0,0,0.0,0,0,0,0,0,0,0,0,0,0,0
488,0,100.0,0,0.0,0,0,0,0,0,0,0,0,0,0,0
489,0,100.0,0,0.0,0,0,0,0,0,0,0,0,0,0,0
490,0,100.0,0,0.0,0,0,0,0,0,0,0,0,0,0,0
491,1,98.74,1,33.96,0,0,0,0,0,0,0,0,0,0,1
492,0,100.0,0,0.0,0,0,0,0,0,0,0,0,0,0,0
493,0,100.0,0,0.0,0,0,0,0,0,0,0,0,0,0,0
494,0,100.0,0,0.0,0,0,0,0,0,0,0,0,0,0,0
495,0,100.0,0,0.0,0,0,0,0,0,0,0,0,0,0,0
496,0,100.0,0,0.0,0,0,0,0,0,0,0,0,0,0,0
497,0,100.0,0,0.0,0,0,0,0,0,0,0,0,0,0,0
498,0,100.0,1,5.94,0,0,0,0,0,0,0,0,0,0,0
499,1,94.67,0,0.0,0,0,0,0,0,0,0,0,0,0,1
500,1,96.25,0,0.0,0,0,0,0,0,0,0,0,0,0,1
501,1,28.63,1,16.02,0,0,0,0,0,0,0,0,0,0,1
502,0,100.0,1,15.3,0,0,0,0,0,0,0,0,0,0,0
503,0,100.0,0,0.0,0,0,0,0,0,0,0,0,0,0,0
504,0,100.0,1,29.47,0,0,0,0,0,0,0,0,0,0,0
505,0,100.0,0,0.0,0,0,0,0,0,0,0,0,0,0,0
506,0,100.0,0,0.0,0,0,0,0,0,0,0,0,0,0,0
507,1,41.35,1,47.34,0,0,0,0,0,0,0,0,0,0,1
508,0,100.0,0,0.0,0,0,0,0,0,0,0,0,0,0,0
509,0,100.0,1,8.36,0,0,0,0,0,0,0,0,0,0,0
510,0,100.0,0,0.0,0,0,0,0,0,0,0,0,0,0,0
511,0,100.0,0,0.0,0,0,0,0,0,0,0,0,0,0,0
512,0,100.0,0,0.0,0,0,0,0,0,0,0,0,0,0,0
513,0,100.0,0,0.0,0,0,0,0,0,0,0,0,0,0,0
514,0,100.0,0,0.0,0,0,0,0,0,0,0,0,0,0,0
515,0,100.0,0,0.0,0,0,0,0,0,0,0,0,0,0,0
516,0,100.0,0,0.0,0,0,0,0,0,0,0,0,0,0,0
517,1,96.33,0,0.0,0,0,0,0,0,0,0,0,0,0,1
518,1,98.95,0,0.0,0,0,0,0,0,0,0,0,0,0,1
519,1,95.48,1,32.94,0,0,0,0,0,0,0,0,0,0,1
520,1,37.61,1,59.8,0,0,0,0,0,0,0,0,0,0,1
521,0,100.0,0,0.0,0,0,0,0,0,0,0,0,0,0,0
522,0,100.0,1,35.36,0,0,0,0,0,0,0,0,0,0,0
523,0,100.0,0,0.0,0,0,0,0,0,0,0,0,0,0,0
524,1,96.32,0,0.0,0,0,0,0,0,0,0,0,0,0,1
525,0,100.0,0,0.0,0,0,0,0,0,0,0,0,0,0,0
526,1,97.71,0,0.0,0,0,0,0,0,0,0,0,0,0,1
527,0,100.0,0,0.0,0,0,0,0,0,0,0,0,0,0,0
528,0,100.0,0,0.0,0,0,0,0,0,0,0,0,0,0,0
529,0,100.0,0,0.0,0,0,0,0,0,0,0,0,0,0,0
530,0,100.0,0,0.0,0,0,0,0,0,0,0,0,0,0,0
531,0,100.0,0,0.0,0,0,0,0,0,0,0,0,0,0,0
532,1,24.44,1,25.97,0,0,0,0,0,0,0,0,0,0,1
533,0,100.0,0,0.0,0,0,0,0,0,0,0,0,0,0,0
534,0,100.0,0,0.0,0,0,0,0,0,0,0,0,0,0,0
535,0,100.0,0,0.0,0,0,0,0,0,0,0,0,0,0,0
536,0,100.0,0,0.0,0,0,0,0,0,0,0,0,0,0,0
537,0,100.0,0,0.0,0,0,0,0,0,0,0,0,0,0,0
538,0,100.0,0,0.0,0,0,0,0,0,0,0,0,0,0,0
539,1,98.37,0,0.0,0,0,0,0,0,0,0,0,0,0,1
540,0,100.0,0,0.0,0,0,0,0,0,0,0,0,0,0,0
541,0,100.0,0,0.0,0,0,0,0,0,0,0,0,0,0,0
542,0,100.0,0,0.0,0,0,0,0,0,0,0,0,0,0,0
543,0,100.0,0,0.0,0,0,0,0,0,0,0,0,0,0,0
544,0,100.0,0,0.0,0,0,0,0,0,0,0,0,0,0,0
545,0,100.0,1,31.72,0,0,0,0,0,0,0,0,0,0,0
546,1,35.2,1,35.09,0,0,0,0,0,0,0,0,0,0,1
547,0,100.0,1,16.88,0,0,0,0,0,0,0,0,0,0,0
548,0,100.0,0,0.0,0,0,0,0,0,0,0,0,0,0,0
549,1,23.03,0,0.0,1,1,0,0,0,0,0,0,0,0,0
550,0,100.0,0,0.0,0,0,0,0,0,0,0,0,0,0,0
551,0,100.0,0,0.0,0,0,0,0,0,0,0,0,0,0,0
552,0,100.0,0,0.0,0,0,0,0,0,0,0,0,0,0,0
553,0,100.0,0,0.0,0,0,0,0,0,0,0,0,0,0,0
554,1,93.45,0,0.0,0,0,0,0,0,0,0,0,0,0,1
555,0,100.0,0,0.0,0,0,0,0,0,0,0,0,0,0,0
556,1,26.94,0,0.0,1,1,0,0,0,0,0,0,0,0,0
557,0,100.0,1,18.96,0,0,0,0,0,0,0,0,0,0,0
558,1,28.56,1,52.02,0,0,0,0,0,0,0,0,0,0,1
559,0,100.0,0,0.0,0,0,0,0,0,0,0,0,0,0,0
560,0,100.0,0,0.0,0,0,0,0,0,0,0,0,0,0,0
561,0,100.0,0,0.0,0,0,0,0,0,0,0,0,0,0,0
562,0,100.0,0,0.0,0,0,0,0,0,0,0,0,0,0,0
563,1,98.38,0,0.0,0,0,0,0,0,0,0,0,0,0,1
564,0,100.0,0,0.0,0,0,0,0,0,0,0,0,0,0,0
565,1,52.97,1,51.76,0,0,0,0,0,0,0,0,0,0,1
566,0,100.0,1,44.17,0,0,0,0,0,0,0,0,0,0,0
567,0,100.0,0,0.0,0,0,0,0,0,0,0,0,0,0,0
568,0,100.0,0,0.0,0,0,0,0,0,0,0,0,0,0,0
569,0,100.0,0,0.0,0,0,0,0,0,0,0,0,0,0,0
570,1,19.42,0,0.0,1,1,0,0,0,0,0,0,0,0,0
571,0,100.0,0,0.0,0,0,0,0,0,0,0,0,0,0,0
572,0,100.0,0,0.0,0,0,0,0,0,0,0,0,0,0,0
573,1,33.0,1,39.56,0,0,0,0,0,0,0,0,0,0,1
574,1,44.37,0,0.0,0,0,0,0,0,0,0,0,0,0,1
575,1,75.55,0,0.0,0,0,0,0,0,0,0,0,0,0,1
576,0,100.0,0,0.0,0,0,0,0,0,0,0,0,0,0,0
577,0,100.0,0,0.0,0,0,0,0,0,0,0,0,0,0,0
578,1,96.48,1,33.76,0,0,0,0,0,0,0,0,0,0,1
579,0,100.0,0,0.0,0,0,0,0,0,0,0,0,0,0,0
580,0,100.0,0,0.0,0,0,0,0,0,0,0,0,0,0,0
581,1,98.28,0,0.0,0,0,0,0,0,0,0,0,0,0,1
582,0,100.0,0,0.0,0,0,0,0,0,0,0,0,0,0,0
583,0,100.0,0,0.0,0,0,0,0,0,0,0,0,0,0,0
584,0,100.0,0,0.0,0,0,0,0,0,0,0,0,0,0,0
585,1,23.97,1,50.82,0,0,0,0,0,0,0,0,0,0,1
586,0,100.0,0,0.0,0,0,0,0,0,0,0,0,0,0,0
587,0,100.0,0,0.0,0,0,0,0,0,0,0,0,0,0,0
588,0,100.0,0,0.0,0,0,0,0,0,0,0,0,0,0,0
589,0,100.0,0,0.0,0,0,0,0,0,0,0,0,0,0,0
590,0,100.0,0,0.0,0,0,0,0,0,0,0,0,0,0,0
591,0,100.0,0,0.0,0,0,0,0,0,0,0,0,0,0,0
592,1,97.44,0,0.0,0,0,0,0,0,0,0,0,0,0,1
593,0,100.0,1,26.76,0,0,0,0,0,0,0,0,0,0,0
594,0,100.0,0,0.0,0,0,0,0,0,0,0,0,0,0,0
595,0,100.0,0,0.0,0,0,0,0,0,0,0,0,0,0,0
596,1,98.57,0,0.0,0,0,0,0,0,0,0,0,0,0,1
597,1,25.12,1,34.62,0,0,0,0,0,0,0,0,0,0,1
598,0,100.0,0,0.0,0,0,0,0,0,0,0,0,0,0,0
599,0,100.0,0,0.0,0,0,0,0,0,0,0,0,0,0,0
600,0,100.0,1,26.32,0,0,0,0,0,0,0,0,0,0,0
601,0,100.0,0,0.0,0,0,0,0,0,0,0,0,0,0,0
602,0,100.0,0,0.0,0,0,0,0,0,0,0,0,0,0,0
603,1,49.41,1,38.95,0,0,0,0,0,0,0,0,0,0,1
604,1,56.9,0,0.0,0,0,0,0,0,0,0,0,0,0,1
605,0,100.0,1,35.74,0,0,0,0,0,0,0,0,0,0,0
606,1,30.09,1,33.64,0,0,0,0,0,0,0,0,0,0,1
607,0,100.0,0,0.0,0,0,0,0,0,0,0,0,0,0,0
608,0,100.0,0,0.0,0,0,0,0,0,0,0,0,0,0,0
609,1,29.92,1,53.74,1,1,0,0,0,0,0,0,0,0,0
610,0,100.0,0,0.0,0,0,0,0,0,0,0,0,0,0,0
611,1,98.48,0,0.0,0,0,0,0,0,0,0,0,0,0,1
612,1,95.76,0,0.0,0,0,0,0,0,0,0,0,0,0,1
613,0,100.0,0,0.0,0,0,0,0,0,0,0,0,0,0,0
614,0,100.0,0,0.0,0,0,0,0,0,0,0,0,0,0,0
615,0,100.0,0,0.0,0,0,0,0,0,0,0,0,0,0,0
616,0,100.0,1,11.86,0,0,0,0,0,0,0,0,0,0,0
617,1,45.78,0,0.0,0,0,0,0,0,0,0,0,0,0,1
618,1,98.18,0,0.0,0,0,0,0,0,0,0,0,0,0,1
619,0,100.0,0,0.0,0,0,0,0,0,0,0,0,0,0,0
620,0,100.0,0,0.0,0,0,0,0,0,0,0,0,0,0,0
621,0,100.0,0,0.0,0,0,0,0,0,0,0,0,0,0,0
622,1,98.53,0,0.0,0,0,0,0,0,0,0,0,0,0,1
623,1,30.86,1,33.67,0,0,0,0,0,0,0,0,0,0,1
624,1,97.42,0,0.0,0,0,0,0,0,0,0,0,0,0,1
625,0,100.0,0,0.0,0,0,0,0,0,0,0,0,0,0,0
626,0,100.0,0,0.0,0,0,0,0,0,0,0,0,0,0,0
627,0,100.0,1,32.8,0,0,0,0,0,0,0,0,0,0,0
628,1,42.66,0,0.0,0,0,0,0,0,0,0,0,0,0,1
629,0,100.0,0,0.0,0,0,0,0,0,0,0,0,0,0,0
630,0,100.0,0,0.0,0,0,0,0,0,0,0,0,0,0,0
631,0,100.0,1,43.96,0,0,0,0,0,0,0,0,0,0,0
632,1,38.1,1,31.99,0,0,0,0,0,0,0,0,0,0,1
633,0,100.0,0,0.0,0,0,0,0,0,0,0,0,0,0,0
634,1,97.77,0,0.0,0,0,0,0,0,0,0,0,0,0,1
635,1,63.2,0,0.0,0,0,0,0,0,0,0,0,0,0,1
636,0,100.0,1,37.95,0,0,0,0,0,0,0,0,0,0,0
637,0,100.0,1,9.46,0,0,0,0,0,0,0,0,0,0,0
638,0,100.0,0,0.0,0,0,0,0,0,0,0,0,0,0,0
639,0,100.0,0,0.0,0,0,0,0,0,0,0,0,0,0,0
640,0,100.0,0,0.0,0,0,0,0,0,0,0,0,0,0,0
641,0,100.0,0,0.0,0,0,0,0,0,0,0,0,0,0,0
642,1,56.36,0,0.0,0,0,0,0,0,0,0,0,0,0,1
643,0,100.0,0,0.0,0,0,0,0,0,0,0,0,0,0,0
644,0,100.0,1,25.09,0,0,0,0,0,0,0,0,0,0,0
645,0,100.0,0,0.0,0,0,0,0,0,0,0,0,0,0,0
646,0,100.0,1,16.16,0,0,0,0,0,0,0,0,0,0,0
647,1,94.96,0,0.0,0,0,0,0,0,0,0,0,0,0,1
648,0,100.0,0,0.0,0,0,0,0,0,0,0,0,0,0,0
649,0,100.0,0,0.0,0,0,0,0,0,0,0,0,0,0,0
650,1,44.79,0,0.0,0,0,0,0,0,0,0,0,0,0,1
651,0,100.0,0,0.0,0,0,0,0,0,0,0,0,0,0,0
652,0,100.0,0,0.0,0,0,0,0,0,0,0,0,0,0,0
653,0,100.0,0,0.0,0,0,0,0,0,0,0,0,0,0,0
654,0,100.0,0,0.0,0,0,0,0,0,0,0,0,0,0,0
655,0,100.0,0,0.0,0,0,0,0,0,0,0,0,0,0,0
656,1,28.47,1,35.28,0,0,0,0,0,0,0,0,0,0,1
657,0,100.0,0,0.0,0,0,0,0,0,0,0,0,0,0,0
658,1,97.56,1,44.53,0,0,0,0,0,0,0,0,0,0,1
659,0,100.0,0,0.0,0,0,0,0,0,0,0,0,0,0,0
660,1,58.68,0,0.0,0,0,0,0,0,0,0,0,0,0,1
661,1,47.05,0,0.0,0,0,0,0,0,0,0,0,0,0,1
662,0,100.0,0,0.0,0,0,0,0,0,0,0,0,0,0,0
663,1,34.13,1,4.47,0,0,0,0,0,0,0,0,0,0,1
664,0,100.0,0,0.0,0,0,0,0,0,0,0,0,0,0,0
665,0,100.0,0,0.0,0,0,0,0,0,0,0,0,0,0,0
666,0,100.0,0,0.0,0,0,0,0,0,0,0,0,0,0,0
667,0,100.0,0,0.0,0,0,0,0,0,0,0,0,0,0,0
668,1,70.56,0,0.0,0,0,0,0,0,0,0,0,0,0,1
669,0,100.0,1,27.52,0,0,0,0,0,0,0,0,0,0,0
670,1,98.38,0,0.0,0,0,0,0,0,0,0,0,0,0,1
671,1,98.11,0,0.0,0,0,0,0,0,0,0,0,0,0,1
672,1,59.15,0,0.0,0,0,0,0,0,0,0,0,0,0,1
673,0,100.0,0,0.0,0,0,0,0,0,0,0,0,0,0,0
674,1,45.81,0,0.0,0,0,0,0,0,0,0,0,0,0,1
675,0,100.0,0,0.0,0,0,0,0,0,0,0,0,0,0,0
676,1,37.42,1,14.92,1,1,0,0,0,0,0,0,0,0,0
677,0,100.0,0,0.0,0,0,0,0,0,0,0,0,0,0,0
678,0,100.0,0,0.0,0,0,0,0,0,0,0,0,0,0,0
679,1,38.49,0,0.0,0,0,0,0,0,0,0,0,0,0,1
680,0,100.0,0,0.0,0,0,0,0,0,0,0,0,0,0,0
681,0,100.0,0,0.0,0,0,0,0,0,0,0,0,0,0,0
682,1,47.17,0,0.0,0,0,0,0,0,0,0,0,0,0,1
683,1,36.08,1,5.86,1,1,0,0,0,0,0,0,0,0,0
684,1,98.83,0,0.0,0,0,0,0,0,0,0,0,0,0,1
685,0,100.0,1,40.55,0,0,0,0,0,0,0,0,0,0,0
686,0,100.0,0,0.0,0,0,0,0,0,0,0,0,0,0,0
687,0,100.0,0,0.0,0,0,0,0,0,0,0,0,0,0,0
688,0,100.0,0,0.0,0,0,0,0,0,0,0,0,0,0,0
689,1,61.16,0,0.0,0,0,0,0,0,0,0,0,0,0,1
690,0,100.0,0,0.0,0,0,0,0,0,0,0,0,0,0,0
691,1,96.78,0,0.0,0,0,0,0,0,0,0,0,0,0,1
692,0,100.0,0,0.0,0,0,0,0,0,0,0,0,0,0,0
693,0,100.0,0,0.0,0,0,0,0,0,0,0,0,0,0,0
694,0,100.0,1,43.11,0,0,0,0,0,0,0,0,0,0,0
695,0,100.0,0,0.0,0,0,0,0,0,0,0,0,0,0,0
696,0,100.0,0,0.0,0,0,0,0,0,0,0,0,0,0,0
697,1,34.3,1,63.93,1,1,0,0,0,0,0,0,0,0,0
698,0,100.0,0,0.0,0,0,0,0,0,0,0,0,0,0,0
699,0,100.0,0,0.0,0,0,0,0,0,0,0,0,0,0,0
700,1,48.61,0,0.0,0,0,0,0,0,0,0,0,0,0,1
701,0,100.0,0,0.0,0,0,0,0,0,0,0,0,0,0,0
702,0,100.0,0,0.0,0,0,0,0,0,0,0,0,0,0,0
703,1,58.43,0,0.0,0,0,0,0,0,0,0,0,0,0,1
704,1,33.35,1,48.43,1,1,0,0,0,0,0,0,0,0,0
705,1,40.37,1,31.66,0,0,0,0,0,0,0,0,0,0,1
706,0,100.0,0,0.0,0,0,0,0,0,0,0,0,0,0,0
707,1,44.23,0,0.0,0,0,0,0,0,0,0,0,0,0,1
708,0,100.0,0,0.0,0,0,0,0,0,0,0,0,0,0,0
709,0,100.0,0,0.0,0,0,0,0,0,0,0,0,0,0,0
710,1,38.0,1,53.83,1,1,0,0,0,0,0,0,0,0,0
711,1,56.82,0,0.0,0,0,0,0,0,0,0,0,0,0,1
712,0,100.0,0,0.0,0,0,0,0,0,0,0,0,0,0,0
713,1,38.62,1,45.82,0,0,0,0,0,0,0,0,0,0,1
714,0,100.0,0,0.0,0,0,0,0,0,0,0,0,0,0,0
715,0,100.0,0,0.0,0,0,0,0,0,0,0,0,0,0,0
716,1,23.71,1,30.91,1,1,0,0,0,0,0,0,0,0,0
717,0,100.0,0,0.0,0,0,0,0,0,0,0,0,0,0,0
718,0,100.0,0,0.0,0,0,0,0,0,0,0,0,0,0,0
719,0,100.0,0,0.0,0,0,0,0,0,0,0,0,0,0,0
720,0,100.0,0,0.0,0,0,0,0,0,0,0,0,0,0,0
721,0,100.0,0,0.0,0,0,0,0,0,0,0,0,0,0,0
722,0,100.0,0,0.0,0,0,0,0,0,0,0,0,0,0,0
723,0,100.0,0,0.0,0,0,0,0,0,0,0,0,0,0,0
724,0,100.0,0,0.0,0,0,0,0,0,0,0,0,0,0,0
725,1,98.43,0,0.0,0,0,0,0,0,0,0,0,0,0,1
726,0,100.0,0,0.0,0,0,0,0,0,0,0,0,0,0,0
727,1,54.91,0,0.0,0,0,0,0,0,0,0,0,0,0,1
728,0,100.0,0,0.0,0,0,0,0,0,0,0,0,0,0,0
729,0,100.0,0,0.0,0,0,0,0,0,0,0,0,0,0,0
730,0,100.0,0,0.0,0,0,0,0,0,0,0,0,0,0,0
731,0,100.0,0,0.0,0,0,0,0,0,0,0,0,0,0,0
732,0,100.0,0,0.0,0,0,0,0,0,0,0,0,0,0,0
733,0,100.0,1,27.57,0,0,0,0,0,0,0,0,0,0,0
734,0,100.0,0,0.0,0,0,0,0,0,0,0,0,0,0,0
735,0,100.0,0,0.0,0,0,0,0,0,0,0,0,0,0,0
736,0,100.0,1,46.41,0,0,0,0,0,0,0,0,0,0,0
737,0,100.0,0,0.0,0,0,0,0,0,0,0,0,0,0,0
738,0,100.0,0,0.0,0,0,0,0,0,0,0,0,0,0,0
739,1,21.18,1,29.17,0,0,0,0,0,0,0,0,0,0,1
740,0,100.0,0,0.0,0,0,0,0,0,0,0,0,0,0,0
741,0,100.0,0,0.0,0,0,0,0,0,0,0,0,0,0,0
742,0,100.0,0,0.0,0,0,0,0,0,0,0,0,0,0,0
743,0,100.0,0,0.0,0,0,0,0,0,0,0,0,0,0,0
744,0,100.0,0,0.0,0,0,0,0,0,0,0,0,0,0,0
745,1,37.5,1,44.82,1,1,0,0,0,0,0,0,0,0,0
746,0,100.0,0,0.0,0,0,0,0,0,0,0,0,0,0,0
747,0,100.0,1,38.59,0,0,0,0,0,0,0,0,0,0,0
748,1,33.32,1,12.74,1,1,0,0,0,0,0,0,0,0,0
749,0,100.0,1,15.23,0,0,0,0,0,0,0,0,0,0,0
750,1,97.33,0,0.0,0,0,0,0,0,0,0,0,0,0,1
751,0,100.0,0,0.0,0,0,0,0,0,0,0,0,0,0,0
752,0,100.0,0,0.0,0,0,0,0,0,0,0,0,0,0,0
753,0,100.0,0,0.0,0,0,0,0,0,0,0,0,0,0,0
754,0,100.0,0,0.0,0,0,0,0,0,0,0,0,0,0,0
755,0,100.0,1,37.2,0,0,0,0,0,0,0,0,0,0,0
756,0,100.0,0,0.0,0,0,0,0,0,0,0,0,0,0,0
757,0,100.0,0,0.0,0,0,0,0,0,0,0,0,0,0,0
758,0,100.0,0,0.0,0,0,0,0,0,0,0,0,0,0,0
759,0,100.0,0,0.0,0,0,0,0,0,0,0,0,0,0,0
760,0,100.0,0,0.0,0,0,0,0,0,0,0,0,0,0,0
761,0,100.0,1,34.11,0,0,0,0,0,0,0,0,0,0,0
762,1,97.48,0,0.0,0,0,0,0,0,0,0,0,0,0,1
763,0,100.0,0,0.0,0,0,0,0,0,0,0,0,0,0,0
764,0,100.0,0,0.0,0,0,0,0,0,0,0,0,0,0,0
765,0,100.0,0,0.0,0,0,0,0,0,0,0,0,0,0,0
766,0,100.0,1,25.67,0,0,0,0,0,0,0,0,0,0,0
767,0,100.0,0,0.0,0,0,0,0,0,0,0,0,0,0,0
768,1,46.53,1,69.11,0,0,0,0,0,0,0,0,0,0,1
769,0,100.0,0,0.0,0,0,0,0,0,0,0,0,0,0,0
770,1,41.39,1,27.01,0,0,0,0,0,0,0,0,0,0,1
771,1,98.23,0,0.0,0,0,0,0,0,0,0,0,0,0,1
772,1,48.03,1,63.54,0,0,0,0,0,0,0,0,0,0,1
773,0,100.0,1,30.36,0,0,0,0,0,0,0,0,0,0,0
774,0,100.0,0,0.0,0,0,0,0,0,0,0,0,0,0,0
775,0,100.0,0,0.0,0,0,0,0,0,0,0,0,0,0,0
776,0,100.0,0,0.0,0,0,0,0,0,0,0,0,0,0,0
777,1,97.72,0,0.0,0,0,0,0,0,0,0,0,0,0,1
778,1,35.86,1,25.97,1,1,0,0,0,0,0,0,0,0,0
779,0,100.0,0,0.0,0,0,0,0,0,0,0,0,0,0,0
780,0,100.0,0,0.0,0,0,0,0,0,0,0,0,0,0,0
781,0,100.0,1,6.94,0,0,0,0,0,0,0,0,0,0,0
782,1,97.21,0,0.0,0,0,0,0,0,0,0,0,0,0,1
783,0,100.0,0,0.0,0,0,0,0,0,0,0,0,0,0,0
784,0,100.0,0,0.0,0,0,0,0,0,0,0,0,0,0,0
785,0,100.0,0,0.0,0,0,0,0,0,0,0,0,0,0,0
786,1,22.53,1,24.28,1,1,0,0,0,0,0,0,0,0,0
787,1,46.29,0,0.0,0,0,0,0,0,0,0,0,0,0,1
788,1,97.89,0,0.0,0,0,0,0,0,0,0,0,0,0,1
789,1,98.75,0,0.0,0,0,0,0,0,0,0,0,0,0,1
790,0,100.0,0,0.0,0,0,0,0,0,0,0,0,0,0,0
791,0,100.0,0,0.0,0,0,0,0,0,0,0,0,0,0,0
792,0,100.0,0,0.0,0,0,0,0,0,0,0,0,0,0,0
793,0,100.0,0,0.0,0,0,0,0,0,0,0,0,0,0,0
794,0,100.0,0,0.0,0,0,0,0,0,0,0,0,0,0,0
795,0,100.0,0,0.0,0,0,0,0,0,0,0,0,0,0,0
796,0,100.0,0,0.0,0,0,0,0,0,0,0,0,0,0,0
797,0,100.0,1,15.07,0,0,0,0,0,0,0,0,0,0,0
798,0,100.0,0,0.0,0,0,0,0,0,0,0,0,0,0,0
799,0,100.0,0,0.0,0,0,0,0,0,0,0,0,0,0,0
800,0,100.0,0,0.0,0,0,0,0,0,0,0,0,0,0,0
801,1,94.86,0,0.0,0,0,0,0,0,0,0,0,0,0,1
802,0,100.0,0,0.0,0,0,0,0,0,0,0,0,0,0,0
803,0,100.0,1,19.25,0,0,0,0,0,0,0,0,0,0,0
804,1,26.93,1,29.27,0,0,0,0,0,0,0,0,0,0,1
805,0,100.0,0,0.0,0,0,0,0,0,0,0,0,0,0,0
806,0,100.0,0,0.0,0,0,0,0,0,0,0,0,0,0,0
807,0,100.0,0,0.0,0,0,0,0,0,0,0,0,0,0,0
808,1,98.91,0,0.0,0,0,0,0,0,0,0,0,0,0,1
0,0,100.0,0,0.0,0,0,0,0,0,0,0,0,0,0,0
1,1,97.94,1,9.09,0,0,0,0,0,0,0,0,0,0,1
2,0,100.0,0,0.0,0,0,0,0,0,0,0,0,0,0,0
3,0,100.0,0,0.0,0,0,0,0,0,0,0,0,0,0,0
4,0,100.0,0,0.0,0,0,0,0,0,0,0,0,0,0,0
5,0,100.0,0,0.0,0,0,0,0,0,0,0,0,0,0,0
6,0,100.0,0,0.0,0,0,0,0,0,0,0,0,0,0,0
7,0,100.0,0,0.0,0,0,0,0,0,0,0,0,0,0,0
8,0,100.0,0,0.0,0,0,0,0,0,0,0,0,0,0,0
9,0,100.0,0,0.0,0,0,0,0,0,0,0,0,0,0,0
10,1,60.88,0,0.0,0,0,0,0,0,0,0,0,0,0,1
11,0,100.0,0,0.0,0,0,0,0,0,0,0,0,0,0,0
12,0,100.0,0,0.0,0,0,0,0,0,0,0,0,0,0,0
13,0,100.0,0,0.0,0,0,0,0,0,0,0,0,0,0,0
14,0,100.0,0,0.0,0,0,0,0,0,0,0,0,0,0,0
15,0,100.0,0,0.0,0,0,0,0,0,0,0,0,0,0,0
16,0,100.0,0,0.0,0,0,0,0,0,0,0,0,0,0,0
17,0,100.0,0,0.0,0,0,0,0,0,0,0,0,0,0,0
18,0,100.0,0,0.0,0,0,0,0,0,0,0,0,0,0,0
19,0,100.0,0,0.0,0,0,0,0,0,0,0,0,0,0,0
20,0,100.0,0,0.0,0,0,0,0,0,0,0,0,0,0,0
21,0,100.0,0,0.0,0,0,0,0,0,0,0,0,0,0,0
22,0,100.0,1,24.64,0,0,0,0,0,0,0,0,0,0,0
23,0,100.0,0,0.0,0,0,0,0,0,0,0,0,0,0,0
24,0,100.0,0,0.0,0,0,0,0,0,0,0,0,0,0,0
25,0,100.0,0,0.0,0,0,0,0,0,0,0,0,0,0,0
26,0,100.0,0,0.0,0,0,0,0,0,0,0,0,0,0,0
27,0,100.0,0,0.0,0,0,0,0,0,0,0,0,0,0,0
28,0,100.0,0,0.0,0,0,0,0,0,0,0,0,0,0,0
29,0,100.0,0,0.0,0,0,0,0,0,0,0,0,0,0,0
30,0,100.0,0,0.0,0,0,0,0,0,0,0,0,0,0,0
31,1,64.04,0,0.0,0,0,0,0,0,0,0,0,0,0,1
32,0,100.0,0,0.0,0,0,0,0,0,0,0,0,0,0,0
33,0,100.0,0,0.0,0,0,0,0,0,0,0,0,0,0,0
34,0,100.0,0,0.0,0,0,0,0,0,0,0,0,0,0,0
35,0,100.0,0,0.0,0,0,0,0,0,0,0,0,0,0,0
36,0,100.0,0,0.0,0,0,0,0,0,0,0,0,0,0,0
37,1,55.27,0,0.0,0,0,0,0,0,0,0,0,0,0,1
38,0,100.0,0,0.0,0,0,0,0,0,0,0,0,0,0,0
39,0,100.0,0,0.0,0,0,0,0,0,0,0,0,0,0,0
40,0,100.0,0,0.0,0,0,0,0,0,0,0,0,0,0,0
41,0,100.0,0,0.0,0,0,0,0,0,0,0,0,0,0,0
42,0,100.0,1,39.41,0,0,0,0,0,0,0,0,0,0,0
43,1,33.46,1,18.65,1,1,0,0,0,0,0,0,0,0,0
44,1,21.32,1,12.67,1,1,0,0,0,0,0,0,0,0,0
45,0,100.0,0,0.0,0,0,0,0,0,0,0,0,0,0,0
46,0,100.0,0,0.0,0,0,0,0,0,0,0,0,0,0,0
47,0,100.0,0,0.0,0,0,0,0,0,0,0,0,0,0,0
48,0,100.0,0,0.0,0,0,0,0,0,0,0,0,0,0,0
49,0,100.0,0,0.0,0,0,0,0,0,0,0,0,0,0,0
50,0,100.0,1,40.77,0,0,0,0,0,0,0,0,0,0,0
51,0,100.0,0,0.0,0,0,0,0,0,0,0,0,0,0,0
52,1,96.64,0,0.0,0,0,0,0,0,0,0,0,0,0,1
53,0,100.0,0,0.0,0,0,0,0,0,0,0,0,0,0,0
54,1,97.14,1,4.12,0,0,0,0,0,0,0,0,0,0,1
55,1,97.88,0,0.0,0,0,0,0,0,0,0,0,0,0,1
56,1,26.79,1,15.11,1,1,0,0,0,0,0,0,0,0,0
57,0,100.0,0,0.0,0,0,0,0,0,0,0,0,0,0,0
58,0,100.0,1,29.73,0,0,0,0,0,0,0,0,0,0,0
59,1,44.33,0,0.0,0,0,0,0,0,0,0,0,0,0,1
60,1,98.04,0,0.0,0,0,0,0,0,0,0,0,0,0,1
61,0,100.0,0,0.0,0,0,0,0,0,0,0,0,0,0,0
62,1,96.93,1,34.73,0,0,0,0,0,0,0,0,0,0,1
63,1,97.07,0,0.0,0,0,0,0,0,0,0,0,0,0,1
64,1,43.08,1,39.6,0,0,0,0,0,0,0,0,0,0,1
65,0,100.0,0,0.0,0,0,0,0,0,0,0,0,0,0,0
66,0,100.0,0,0.0,0,0,0,0,0,0,0,0,0,0,0
67,0,100.0,0,0.0,0,0,0,0,0,0,0,0,0,0,0
68,0,100.0,1,7.06,0,0,0,0,0,0,0,0,0,0,0
69,0,100.0,0,0.0,0,0,0,0,0,0,0,0,0,0,0
70,0,100.0,1,40.6,0,0,0,0,0,0,0,0,0,0,0
71,0,100.0,0,0.0,0,0,0,0,0,0,0,0,0,0,0
72,0,100.0,0,0.0,0,0,0,0,0,0,0,0,0,0,0
73,0,100.0,0,0.0,0,0,0,0,0,0,0,0,0,0,0
74,0,100.0,0,0.0,0,0,0,0,0,0,0,0,0,0,0
75,0,100.0,0,0.0,0,0,0,0,0,0,0,0,0,0,0
76,0,100.0,1,1.18,0,0,0,0,0,0,0,0,0,0,0
77,0,100.0,0,0.0,0,0,0,0,0,0,0,0,0,0,0
78,0,100.0,0,0.0,0,0,0,0,0,0,0,0,0,0,0
79,0,100.0,0,0.0,0,0,0,0,0,0,0,0,0,0,0
80,0,100.0,0,0.0,0,0,0,0,0,0,0,0,0,0,0
81,0,100.0,0,0.0,0,0,0,0,0,0,0,0,0,0,0
82,0,100.0,0,0.0,0,0,0,0,0,0,0,0,0,0,0
83,1,65.68,1,33.95,0,0,0,0,0,0,0,0,0,0,1
84,0,100.0,1,47.97,0,0,0,0,0,0,0,0,0,0,0
85,0,100.0,0,0.0,0,0,0,0,0,0,0,0,0,0,0
86,1,36.34,0,0.0,0,0,0,0,0,0,0,0,0,0,1
87,0,100.0,0,0.0,0,0,0,0,0,0,0,0,0,0,0
88,0,100.0,1,9.45,0,0,0,0,0,0,0,0,0,0,0
89,0,100.0,0,0.0,0,0,0,0,0,0,0,0,0,0,0
90,0,100.0,0,0.0,0,0,0,0,0,0,0,0,0,0,0
91,0,100.0,0,0.0,0,0,0,0,0,0,0,0,0,0,0
92,0,100.0,0,0.0,0,0,0,0,0,0,0,0,0,0,0
93,0,100.0,0,0.0,0,0,0,0,0,0,0,0,0,0,0
94,1,97.98,0,0.0,0,0,0,0,0,0,0,0,0,0,1
95,0,100.0,1,21.14,0,0,0,0,0,0,0,0,0,0,0
96,1,44.86,0,0.0,0,0,0,0,0,0,0,0,0,0,1
97,0,100.0,1,19.8,0,0,0,0,0,0,0,0,0,0,0
98,0,100.0,0,0.0,0,0,0,0,0,0,0,0,0,0,0
99,0,100.0,0,0.0,0,0,0,0,0,0,0,0,0,0,0
100,0,100.0,0,0.0,0,0,0,0,0,0,0,0,0,0,0
101,0,100.0,0,0.0,0,0,0,0,0,0,0,0,0,0,0
102,1,56.9,1,61.33,0,0,0,0,0,0,0,0,0,0,1
103,0,100.0,1,29.55,0,0,0,0,0,0,0,0,0,0,0
104,1,24.65,1,41.24,0,0,0,0,0,0,0,0,0,0,1
105,1,98.82,0,0.0,0,0,0,0,0,0,0,0,0,0,1
106,1,59.19,0,0.0,0,0,0,0,0,0,0,0,0,0,1
107,0,100.0,0,0.0,0,0,0,0,0,0,0,0,0,0,0
108,0,100.0,0,0.0,0,0,0,0,0,0,0,0,0,0,0
109,0,100.0,1,11.53,0,0,0,0,0,0,0,0,0,0,0
110,1,27.41,1,3.32,1,1,0,0,0,0,0,0,0,0,0
111,1,97.67,0,0.0,0,0,0,0,0,0,0,0,0,0,1
112,0,100.0,0,0.0,0,0,0,0,0,0,0,0,0,0,0
113,0,100.0,0,0.0,0,0,0,0,0,0,0,0,0,0,0
114,1,29.18,1,47.02,1,1,0,0,0,0,0,0,0,0,0
115,1,44.69,0,0.0,0,0,0,0,0,0,0,0,0,0,1
116,0,100.0,0,0.0,0,0,0,0,0,0,0,0,0,0,0
117,1,96.5,0,0.0,0,0,0,0,0,0,0,0,0,0,1
118,0,100.0,0,0.0,0,0,0,0,0,0,0,0,0,0,0
119,1,32.72,1,8.63,0,0,0,0,0,0,0,0,0,0,1
120,0,100.0,0,0.0,0,0,0,0,0,0,0,0,0,0,0
121,1,55.36,0,0.0,0,0,0,0,0,0,0,0,0,0,1
122,0,100.0,0,0.0,0,0,0,0,0,0,0,0,0,0,0
123,0,100.0,0,0.0,0,0,0,0,0,0,0,0,0,0,0
124,1,95.67,0,0.0,0,0,0,0,0,0,0,0,0,0,1
125,0,100.0,0,0.0,0,0,0,0,0,0,0,0,0,0,0
126,1,19.36,1,5.52,1,1,0,0,0,0,0,0,0,0,0
127,0,100.0,0,0.0,0,0,0,0,0,0,0,0,0,0,0
128,1,97.97,0,0.0,0,0,0,0,0,0,0,0,0,0,1
129,1,27.62,1,38.17,0,0,0,0,0,0,0,0,0,0,1
130,0,100.0,0,0.0,0,0,0,0,0,0,0,0,0,0,0
131,1,50.09,0,0.0,0,0,0,0,0,0,0,0,0,0,1
132,1,98.49,0,0.0,0,0,0,0,0,0,0,0,0,0,1
133,0,100.0,0,0.0,0,0,0,0,0,0,0,0,0,0,0
134,0,100.0,0,0.0,0,0,0,0,0,0,0,0,0,0,0
135,0,100.0,0,0.0,0,0,0,0,0,0,0,0,0,0,0
136,0,100.0,0,0.0,0,0,0,0,0,0,0,0,0,0,0
137,0,100.0,0,0.0,0,0,0,0,0,0,0,0,0,0,0
138,1,50.08,0,0.0,0,0,0,0,0,0,0,0,0,0,1
139,1,30.33,1,41.93,1,1,0,0,0,0,0,0,0,0,0
140,0,100.0,0,0.0,0,0,0,0,0,0,0,0,0,0,0
141,1,95.62,0,0.0,0,0,0,0,0,0,0,0,0,0,1
142,0,100.0,0,0.0,0,0,0,0,0,0,0,0,0,0,0
143,0,100.0,0,0.0,0,0,0,0,0,0,0,0,0,0,0
144,0,100.0,0,0.0,0,0,0,0,0,0,0,0,0,0,0
145,0,100.0,0,0.0,0,0,0,0,0,0,0,0,0,0,0
146,0,100.0,0,0.0,0,0,0,0,0,0,0,0,0,0,0
147,0,100.0,0,0.0,0,0,0,0,0,0,0,0,0,0,0
148,0,100.0,1,24.5,0,0,0,0,0,0,0,0,0,0,0
149,0,100.0,0,0.0,0,0,0,0,0,0,0,0,0,0,0
150,0,100.0,1,42.97,0,0,0,0,0,0,0,0,0,0,0
151,1,35.14,1,36.0,0,0,0,0,0,0,0,0,0,0,1
152,0,100.0,0,0.0,0,0,0,0,0,0,0,0,0,0,0
153,0,100.0,0,0.0,0,0,0,0,0,0,0,0,0,0,0
154,1,94.87,1,41.0,0,0,0,0,0,0,0,0,0,0,1
155,0,100.0,0,0.0,0,0,0,0,0,0,0,0,0,0,0
156,0,100.0,0,0.0,0,0,0,0,0,0,0,0,0,0,0
157,0,100.0,1,29.58,0,0,0,0,0,0,0,0,0,0,0
158,0,100.0,0,0.0,0,0,0,0,0,0,0,0,0,0,0
159,1,97.91,0,0.0,0,0,0,0,0,0,0,0,0,0,1
160,0,100.0,0,0.0,0,0,0,0,0,0,0,0,0,0,0
161,1,44.16,0,0.0,0,0,0,0,0,0,0,0,0,0,1
162,0,100.0,0,0.0,0,0,0,0,0,0,0,0,0,0,0
163,0,100.0,0,0.0,0,0,0,0,0,0,0,0,0,0,0
164,1,96.09,0,0.0,0,0,0,0,0,0,0,0,0,0,1
165,1,47.31,1,41.86,0,0,0,0,0,0,0,0,0,0,1
166,1,59.77,0,0.0,0,0,0,0,0,0,0,0,0,0,1
167,0,100.0,0,0.0,0,0,0,0,0,0,0,0,0,0,0
168,0,100.0,0,0.0,0,0,0,0,0,0,0,0,0,0,0
169,0,100.0,0,0.0,0,0,0,0,0,0,0,0,0,0,0
170,1,43.01,1,21.85,0,0,0,0,0,0,0,0,0,0,1
171,0,100.0,0,0.0,0,0,0,0,0,0,0,0,0,0,0
172,0,100.0,0,0.0,0,0,0,0,0,0,0,0,0,0,0
173,0,100.0,0,0.0,0,0,0,0,0,0,0,0,0,0,0
174,1,65.87,0,0.0,0,0,0,0,0,0,0,0,0,0,1
175,0,100.0,0,0.0,0,0,0,0,0,0,0,0,0,0,0
176,0,100.0,1,7.35,0,0,0,0,0,0,0,0,0,0,0
177,0,100.0,0,0.0,0,0,0,0,0,0,0,0,0,0,0
178,1,36.51,1,43.08,0,0,0,0,0,0,0,0,0,0,1
179,0,100.0,0,0.0,0,0,0,0,0,0,0,0,0,0,0
180,0,100.0,0,0.0,0,0,0,0,0,0,0,0,0,0,0
181,1,30.49,1,35.49,0,0,0,0,0,0,0,0,0,0,1
182,0,100.0,0,0.0,0,0,0,0,0,0,0,0,0,0,0
183,1,63.1,0,0.0,0,0,0,0,0,0,0,0,0,0,1
184,1,24.2,1,50.57,0,0,0,0,0,0,0,0,0,0,1
185,1,48.0,0,0.0,0,0,0,0,0,0,0,0,0,0,1
186,0,100.0,1,16.69,0,0,0,0,0,0,0,0,0,0,0
187,1,34.03,1,46.92,1,1,0,0,0,0,0,0,0,0,0
188,0,100.0,0,0.0,0,0,0,0,0,0,0,0,0,0,0
189,0,100.0,0,0.0,0,0,0,0,0,0,0,0,0,0,0
190,0,100.0,0,0.0,0,0,0,0,0,0,0,0,0,0,0
191,0,100.0,0,0.0,0,0,0,0,0,0,0,0,0,0,0
192,0,100.0,0,0.0,0,0,0,0,0,0,0,0,0,0,0
193,0,100.0,1,41.87,0,0,0,0,0,0,0,0,0,0,0
194,0,100.0,1,12.21,0,0,0,0,0,0,0,0,0,0,0
195,0,100.0,0,0.0,0,0,0,0,0,0,0,0,0,0,0
196,1,41.85,1,49.25,1,1,0,0,0,0,0,0,0,0,0
197,0,100.0,0,0.0,0,0,0,0,0,0,0,0,0,0,0
198,1,43.65,0,0.0,0,0,0,0,0,0,0,0,0,0,1
199,0,100.0,0,0.0,0,0,0,0,0,0,0,0,0,0,0
200,0,100.0,0,0.0,0,0,0,0,0,0,0,0,0,0,0
201,1,98.31,0,0.0,0,0,0,0,0,0,0,0,0,0,1
202,0,100.0,0,0.0,0,0,0,0,0,0,0,0,0,0,0
203,1,44.54,0,0.0,0,0,0,0,0,0,0,0,0,0,1
204,0,100.0,0,0.0,0,0,0,0,0,0,0,0,0,0,0
205,0,100.0,0,0.0,0,0,0,0,0,0,0,0,0,0,0
206,0,100.0,0,0.0,0,0,0,0,0,0,0,0,0,0,0
207,1,98.99,0,0.0,0,0,0,0,0,0,0,0,0,0,1
208,0,100.0,0,0.0,0,0,0,0,0,0,0,0,0,0,0
209,0,100.0,0,0.0,0,0,0,0,0,0,0,0,0,0,0
210,0,100.0,1,22.11,0,0,0,0,0,0,0,0,0,0,0
211,0,100.0,0,0.0,0,0,0,0,0,0,0,0,0,0,0
212,1,98.98,0,0.0,0,0,0,0,0,0,0,0,0,0,1
213,0,100.0,0,0.0,0,0,0,0,0,0,0,0,0,0,0
214,1,30.55,1,28.43,1,1,0,0,0,0,0,0,0,0,0
215,0,100.0,0,0.0,0,0,0,0,0,0,0,0,0,0,0
216,0,100.0,1,31.38,0,0,0,0,0,0,0,0,0,0,0
217,0,100.0,0,0.0,0,0,0,0,0,0,0,0,0,0,0
218,0,100.0,0,0.0,0,0,0,0,0,0,0,0,0,0,0
219,0,100.0,0,0.0,0,0,0,0,0,0,0,0,0,0,0
220,1,95.41,0,0.0,0,0,0,0,0,0,0,0,0,0,1
221,0,100.0,0,0.0,0,0,0,0,0,0,0,0,0,0,0
222,0,100.0,1,19.35,0,0,0,0,0,0,0,0,0,0,0
223,1,74.77,1,58.93,0,0,0,0,0,0,0,0,0,0,1
224,0,100.0,1,32.88,0,0,0,0,0,0,0,0,0,0,0
225,0,100.0,0,0.0,0,0,0,0,0,0,0,0,0,0,0
226,0,100.0,1,7.3,0,0,0,0,0,0,0,0,0,0,0
227,1,97.8,0,0.0,0,0,0,0,0,0,0,0,0,0,1
228,0,100.0,0,0.0,0,0,0,0,0,0,0,0,0,0,0
229,1,60.07,0,0.0,0,0,0,0,0,0,0,0,0,0,1
230,0,100.0,0,0.0,0,0,0,0,0,0,0,0,0,0,0
231,1,52.37,0,0.0,0,0,0,0,0,0,0,0,0,0,1
232,1,97.72,0,0.0,0,0,0,0,0,0,0,0,0,0,1
233,1,95.62,0,0.0,0,0,0,0,0,0,0,0,0,0,1
234,0,100.0,0,0.0,0,0,0,0,0,0,0,0,0,0,0
235,0,100.0,0,0.0,0,0,0,0,0,0,0,0,0,0,0
236,0,100.0,0,0.0,0,0,0,0,0,0,0,0,0,0,0
237,0,100.0,0,0.0,0,0,0,0,0,0,0,0,0,0,0
238,1,27.18,1,18.58,0,0,0,0,0,0,0,0,0,0,1
239,0,100.0,0,0.0,0,0,0,0,0,0,0,0,0,0,0
240,1,95.88,0,0.0,0,0,0,0,0,0,0,0,0,0,1
241,0,100.0,1,25.76,0,0,0,0,0,0,0,0,0,0,0
242,1,69.53,0,0.0,0,0,0,0,0,0,0,0,0,0,1
243,0,100.0,1,22.88,0,0,0,0,0,0,0,0,0,0,0
244,0,100.0,1,25.03,0,0,0,0,0,0,0,0,0,0,0
245,1,36.17,1,55.34,1,1,0,0,0,0,0,0,0,0,0
246,0,100.0,0,0.0,0,0,0,0,0,0,0,0,0,0,0
247,0,100.0,0,0.0,0,0,0,0,0,0,0,0,0,0,0
248,0,100.0,0,0.0,0,0,0,0,0,0,0,0,0,0,0
249,0,100.0,0,0.0,0,0,0,0,0,0,0,0,0,0,0
250,1,98.72,0,0.0,0,0,0,0,0,0,0,0,0,0,1
251,1,29.86,1,48.14,1,1,0,0,0,0,0,0,0,0,0
252,1,72.48,0,0.0,0,0,0,0,0,0,0,0,0,0,1
253,1,54.3,1,52.1,0,0,0,0,0,0,0,0,0,0,1
254,0,100.0,1,29.4,0,0,0,0,0,0,0,0,0,0,0
255,1,32.51,1,53.13,0,0,0,0,0,0,0,0,0,0,1
256,0,100.0,0,0.0,0,0,0,0,0,0,0,0,0,0,0
257,1,46.57,0,0.0,0,0,0,0,0,0,0,0,0,0,1
258,1,98.07,0,0.0,0,0,0,0,0,0,0,0,0,0,1
259,0,100.0,0,0.0,0,0,0,0,0,0,0,0,0,0,0
260,0,100.0,0,0.0,0,0,0,0,0,0,0,0,0,0,0
261,0,100.0,0,0.0,0,0,0,0,0,0,0,0,0,0,0
262,0,100.0,0,0.0,0,0,0,0,0,0,0,0,0,0,0
263,1,48.24,0,0.0,0,0,0,0,0,0,0,0,0,0,1
264,1,93.98,0,0.0,0,0,0,0,0,0,0,0,0,0,1
265,1,52.97,0,0.0,0,0,0,0,0,0,0,0,0,0,1
266,1,97.34,0,0.0,0,0,0,0,0,0,0,0,0,0,1
267,1,97.79,0,0.0,0,0,0,0,0,0,0,0,0,0,1
268,0,100.0,0,0.0,0,0,0,0,0,0,0,0,0,0,0
269,0,100.0,0,0.0,0,0,0,0,0,0,0,0,0,0,0
270,0,100.0,1,33.64,0,0,0,0,0,0,0,0,0,0,0
271,0,100.0,0,0.0,0,0,0,0,0,0,0,0,0,0,0
272,1,98.96,0,0.0,0,0,0,0,0,0,0,0,0,0,1
273,0,100.0,0,0.0,0,0,0,0,0,0,0,0,0,0,0
274,0,100.0,0,0.0,0,0,0,0,0,0,0,0,0,0,0
275,0,100.0,0,0.0,0,0,0,0,0,0,0,0,0,0,0
276,0,100.0,0,0.0,0,0,0,0,0,0,0,0,0,0,0
277,0,100.0,1,19.93,0,0,0,0,0,0,0,0,0,0,0
278,0,100.0,0,0.0,0,0,0,0,0,0,0,0,0,0,0
279,0,100.0,0,0.0,0,0,0,0,0,0,0,0,0,0,0
280,0,100.0,0,0.0,0,0,0,0,0,0,0,0,0,0,0
281,0,100.0,0,0.0,0,0,0,0,0,0,0,0,0,0,0
282,1,28.68,1,50.18,1,1,0,0,0,0,0,0,0,0,0
283,0,100.0,0,0.0,0,0,0,0,0,0,0,0,0,0,0
284,0,100.0,1,21.75,0,0,0,0,0,0,0,0,0,0,0
285,1,47.09,0,0.0,0,0,0,0,0,0,0,0,0,0,1
286,0,100.0,0,0.0,0,0,0,0,0,0,0,0,0,0,0
287,0,100.0,0,0.0,0,0,0,0,0,0,0,0,0,0,0
288,0,100.0,0,0.0,0,0,0,0,0,0,0,0,0,0,0
289,0,100.0,0,0.0,0,0,0,0,0,0,0,0,0,0,0
290,0,100.0,0,0.0,0,0,0,0,0,0,0,0,0,0,0
291,0,100.0,0,0.0,0,0,0,0,0,0,0,0,0,0,0
292,1,42.78,0,0.0,0,0,0,0,0,0,0,0,0,0,1
293,0,100.0,1,22.36,0,0,0,0,0,0,0,0,0,0,0
294,1,95.12,0,0.0,0,0,0,0,0,0,0,0,0,0,1
295,0,100.0,0,0.0,0,0,0,0,0,0,0,0,0,0,0
296,1,28.31,1,20.61,1,1,0,0,0,0,0,0,0,0,0
297,0,100.0,0,0.0,0,0,0,0,0,0,0,0,0,0,0
298,0,100.0,0,0.0,0,0,0,0,0,0,0,0,0,0,0
299,1,77.52,1,37.25,0,0,0,0,0,0,0,0,0,0,1
300,0,100.0,0,0.0,0,0,0,0,0,0,0,0,0,0,0
301,1,21.0,1,23.69,1,1,0,0,0,0,0,0,0,0,0
302,0,100.0,0,0.0,0,0,0,0,0,0,0,0,0,0,0
303,1,33.32,1,52.54,1,1,0,0,0,0,0,0,0,0,0
304,0,100.0,0,0.0,0,0,0,0,0,0,0,0,0,0,0
305,0,100.0,0,0.0,0,0,0,0,0,0,0,0,0,0,0
306,1,98.14,0,0.0,0,0,0,0,0,0,0,0,0,0,1
307,0,100.0,0,0.0,0,0,0,0,0,0,0,0,0,0,0
308,1,98.65,0,0.0,0,0,0,0,0,0,0,0,0,0,1
309,0,100.0,0,0.0,0,0,0,0,0,0,0,0,0,0,0
310,0,100.0,1,32.42,0,0,0,0,0,0,0,0,0,0,0
311,1,48.81,0,0.0,0,0,0,0,0,0,0,0,0,0,1
312,0,100.0,1,22.14,0,0,0,0,0,0,0,0,0,0,0
313,0,100.0,1,41.17,0,0,0,0,0,0,0,0,0,0,0
314,1,44.8,0,0.0,0,0,0,0,0,0,0,0,0,0,1
315,0,100.0,0,0.0,0,0,0,0,0,0,0,0,0,0,0
316,0,100.0,0,0.0,0,0,0,0,0,0,0,0,0,0,0
317,1,93.16,0,0.0,0,0,0,0,0,0,0,0,0,0,1
318,1,29.97,1,27.76,1,1,0,0,0,0,0,0,0,0,0
319,0,100.0,0,0.0,0,0,0,0,0,0,0,0,0,0,0
320,0,100.0,0,0.0,0,0,0,0,0,0,0,0,0,0,0
321,0,100.0,0,0.0,0,0,0,0,0,0,0,0,0,0,0
322,0,100.0,0,0.0,0,0,0,0,0,0,0,0,0,0,0
323,0,100.0,0,0.0,0,0,0,0,0,0,0,0,0,0,0
324,0,100.0,0,0.0,0,0,0,0,0,0,0,0,0,0,0
325,0,100.0,0,0.0,0,0,0,0,0,0,0,0,0,0,0
326,1,35.32,1,43.52,1,1,0,0,0,0,0,0,0,0,0
327,0,100.0,0,0.0,0,0,0,0,0,0,0,0,0,0,0
328,1,17.46,1,11.79,0,0,0,0,0,0,0,0,0,0,1
329,1,98.84,0,0.0,0,0,0,0,0,0,0,0,0,0,1
330,0,100.0,0,0.0,0,0,0,0,0,0,0,0,0,0,0
331,1,98.97,0,0.0,0,0,0,0,0,0,0,0,0,0,1
332,0,100.0,0,0.0,0,0,0,0,0,0,0,0,0,0,0
333,1,27.68,1,66.38,1,1,0,0,0,0,0,0,0,0,0
334,1,65.82,0,0.0,0,0,0,0,0,0,0,0,0,0,1
335,1,27.11,1,47.16,1,1,0,0,0,0,0,0,0,0,0
336,0,100.0,1,23.16,0,0,0,0,0,0,0,0,0,0,0
337,0,100.0,0,0.0,0,0,0,0,0,0,0,0,0,0,0
338,0,100.0,0,0.0,0,0,0,0,0,0,0,0,0,0,0
339,0,100.0,0,0.0,0,0,0,0,0,0,0,0,0,0,0
340,0,100.0,0,0.0,0,0,0,0,0,0,0,0,0,0,0
341,0,100.0,0,0.0,0,0,0,0,0,0,0,0,0,0,0
342,0,100.0,0,0.0,0,0,0,0,0,0,0,0,0,0,0
343,1,38.25,1,47.46,0,0,0,0,0,0,0,0,0,0,1
344,1,94.78,0,0.0,0,0,0,0,0,0,0,0,0,0,1
345,0,100.0,0,0.0,0,0,0,0,0,0,0,0,0,0,0
346,0,100.0,0,0.0,0,0,0,0,0,0,0,0,0,0,0
347,0,100.0,0,0.0,0,0,0,0,0,0,0,0,0,0,0
348,0,100.0,1,31.24,0,0,0,0,0,0,0,0,0,0,0
349,1,28.37,0,0.0,1,1,0,0,0,0,0,0,0,0,0
350,1,96.22,1,27.81,0,0,0,0,0,0,0,0,0,0,1
351,0,100.0,0,0.0,0,0,0,0,0,0,0,0,0,0,0
352,0,100.0,0,0.0,0,0,0,0,0,0,0,0,0,0,0
353,0,100.0,0,0.0,0,0,0,0,0,0,0,0,0,0,0
354,1,98.27,0,0.0,0,0,0,0,0,0,0,0,0,0,1
355,0,100.0,0,0.0,0,0,0,0,0,0,0,0,0,0,0
356,1,24.75,1,54.58,1,1,0,0,0,0,0,0,0,0,0
357,0,100.0,1,48.18,0,0,0,0,0,0,0,0,0,0,0
358,0,100.0,0,0.0,0,0,0,0,0,0,0,0,0,0,0
359,0,100.0,0,0.0,0,0,0,0,0,0,0,0,0,0,0
360,0,100.0,0,0.0,0,0,0,0,0,0,0,0,0,0,0
361,0,100.0,0,0.0,0,0,0,0,0,0,0,0,0,0,0
362,0,100.0,0,0.0,0,0,0,0,0,0,0,0,0,0,0
363,0,100.0,0,0.0,0,0,0,0,0,0,0,0,0,0,0
364,1,22.19,1,48.31,0,0,0,0,0,0,0,0,0,0,1
365,1,25.15,1,51.73,0,0,0,0,0,0,0,0,0,0,1
366,0,100.0,0,0.0,0,0,0,0,0,0,0,0,0,0,0
367,0,100.0,0,0.0,0,0,0,0,0,0,0,0,0,0,0
368,1,26.54,1,18.12,1,1,0,0,0,0,0,0,0,0,0
369,1,98.81,1,8.3,0,0,0,0,0,0,0,0,0,0,1
370,0,100.0,0,0.0,0,0,0,0,0,0,0,0,0,0,0
371,0,100.0,0,0.0,0,0,0,0,0,0,0,0,0,0,0
372,0,100.0,0,0.0,0,0,0,0,0,0,0,0,0,0,0
373,0,100.0,1,45.75,0,0,0,0,0,0,0,0,0,0,0
374,1,44.48,0,0.0,0,0,0,0,0,0,0,0,0,0,1
375,0,100.0,0,0.0,0,0,0,0,0,0,0,0,0,0,0
376,0,100.0,0,0.0,0,0,0,0,0,0,0,0,0,0,0
377,0,100.0,0,0.0,0,0,0,0,0,0,0,0,0,0,0
378,0,100.0,0,0.0,0,0,0,0,0,0,0,0,0,0,0
379,0,100.0,0,0.0,0,0,0,0,0,0,0,0,0,0,0
380,0,100.0,0,0.0,0,0,0,0,0,0,0,0,0,0,0
381,0,100.0,0,0.0,0,0,0,0,0,0,0,0,0,0,0
382,0,100.0,0,0.0,0,0,0,0,0,0,0,0,0,0,0
383,0,100.0,0,0.0,0,0,0,0,0,0,0,0,0,0,0
384,0,100.0,0,0.0,0,0,0,0,0,0,0,0,0,0,0
385,1,36.05,0,0.0,0,0,0,0,0,0,0,0,0,0,1
386,0,100.0,0,0.0,0,0,0,0,0,0,0,0,0,0,0
387,1,48.19,0,0.0,0,0,0,0,0,0,0,0,0,0,1
388,0,100.0,1,17.13,0,0,0,0,0,0,0,0,0,0,0
389,0,100.0,0,0.0,0,0,0,0,0,0,0,0,0,0,0
390,0,100.0,0,0.0,0,0,0,0,0,0,0,0,0,0,0
391,1,16.48,1,31.24,0,0,0,0,0,0,0,0,0,0,1
392,1,51.07,0,0.0,0,0,0,0,0,0,0,0,0,0,1
393,0,100.0,0,0.0,0,0,0,0,0,0,0,0,0,0,0
394,0,100.0,1,19.61,0,0,0,0,0,0,0,0,0,0,0
395,0,100.0,0,0.0,0,0,0,0,0,0,0,0,0,0,0
396,0,100.0,0,0.0,0,0,0,0,0,0,0,0,0,0,0
397,1,48.07,0,0.0,0,0,0,0,0,0,0,0,0,0,1
398,1,60.85,0,0.0,0,0,0,0,0,0,0,0,0,0,1
399,0,100.0,0,0.0,0,0,0,0,0,0,0,0,0,0,0
400,0,100.0,1,24.75,0,0,0,0,0,0,0,0,0,0,0
401,0,100.0,0,0.0,0,0,0,0,0,0,0,0,0,0,0
402,0,100.0,0,0.0,0,0,0,0,0,0,0,0,0,0,0
403,0,100.0,0,0.0,0,0,0,0,0,0,0,0,0,0,0
404,0,100.0,0,0.0,0,0,0,0,0,0,0,0,0,0,0
405,1,98.52,0,0.0,0,0,0,0,0,0,0,0,0,0,1
406,0,100.0,1,34.91,0,0,0,0,0,0,0,0,0,0,0
407,0,100.0,1,33.98,0,0,0,0,0,0,0,0,0,0,0
408,1,40.69,0,0.0,0,0,0,0,0,0,0,0,0,0,1
409,0,100.0,0,0.0,0,0,0,0,0,0,0,0,0,0,0
410,0,100.0,1,32.47,0,0,0,0,0,0,0,0,0,0,0
411,0,100.0,0,0.0,0,0,0,0,0,0,0,0,0,0,0
412,0,100.0,0,0.0,0,0,0,0,0,0,0,0,0,0,0
413,0,100.0,0,0.0,0,0,0,0,0,0,0,0,0,0,0
414,0,100.0,0,0.0,0,0,0,0,0,0,0,0,0,0,0
415,0,100.0,0,0.0,0,0,0,0,0,0,0,0,0,0,0
416,1,96.22,0,0.0,0,0,0,0,0,0,0,0,0,0,1
417,0,100.0,0,0.0,0,0,0,0,0,0,0,0,0,0,0
418,0,100.0,0,0.0,0,0,0,0,0,0,0,0,0,0,0
419,0,100.0,0,0.0,0,0,0,0,0,0,0,0,0,0,0
420,0,100.0,1,42.52,0,0,0,0,0,0,0,0,0,0,0
421,0,100.0,0,0.0,0,0,0,0,0,0,0,0,0,0,0
422,1,95.85,0,0.0,0,0,0,0,0,0,0,0,0,0,1
423,0,100.0,1,17.43,0,0,0,0,0,0,0,0,0,0,0
424,0,100.0,0,0.0,0,0,0,0,0,0,0,0,0,0,0
425,0,100.0,0,0.0,0,0,0,0,0,0,0,0,0,0,0
426,1,51.15,1,54.43,0,0,0,0,0,0,0,0,0,0,1
427,0,100.0,0,0.0,0,0,0,0,0,0,0,0,0,0,0
428,0,100.0,0,0.0,0,0,0,0,0,0,0,0,0,0,0
429,0,100.0,0,0.0,0,0,0,0,0,0,0,0,0,0,0
430,0,100.0,0,0.0,0,0,0,0,0,0,0,0,0,0,0
431,0,100.0,0,0.0,0,0,0,0,0,0,0,0,0,0,0
432,0,100.0,0,0.0,0,0,0,0,0,0,0,0,0,0,0
433,1,43.5,0,0.0,0,0,0,0,0,0,0,0,0,0,1
434,0,100.0,0,0.0,0,0,0,0,0,0,0,0,0,0,0
435,0,100.0,0,0.0,0,0,0,0,0,0,0,0,0,0,0
436,0,100.0,0,0.0,0,0,0,0,0,0,0,0,0,0,0
437,0,100.0,0,0.0,0,0,0,0,0,0,0,0,0,0,0
438,0,100.0,0,0.0,0,0,0,0,0,0,0,0,0,0,0
439,1,28.97,1,10.66,1,1,0,0,0,0,0,0,0,0,0
440,1,97.0,0,0.0,0,0,0,0,0,0,0,0,0,0,1
441,1,50.31,0,0.0,0,0,0,0,0,0,0,0,0,0,1
442,0,100.0,0,0.0,0,0,0,0,0,0,0,0,0,0,0
443,1,46.99,0,0.0,0,0,0,0,0,0,0,0,0,0,1
444,0,100.0,0,0.0,0,0,0,0,0,0,0,0,0,0,0
445,1,39.68,1,41.89,0,0,0,0,0,0,0,0,0,0,1
446,1,23.22,1,24.87,1,1,0,0,0,0,0,0,0,0,0
447,1,98.92,1,29.56,0,0,0,0,0,0,0,0,0,0,1
448,0,100.0,0,0.0,0,0,0,0,0,0,0,0,0,0,0
449,0,100.0,0,0.0,0,0,0,0,0,0,0,0,0,0,0
450,0,100.0,1,27.22,0,0,0,0,0,0,0,0,0,0,0
451,0,100.0,1,20.01,0,0,0,0,0,0,0,0,0,0,0
452,1,97.69,0,0.0,0,0,0,0,0,0,0,0,0,0,1
453,0,100.0,0,0.0,0,0,0,0,0,0,0,0,0,0,0
454,0,100.0,0,0.0,0,0,0,0,0,0,0,0,0,0,0
455,0,100.0,0,0.0,0,0,0,0,0,0,0,0,0,0,0
456,1,25.97,1,20.01,1,1,0,0,0,0,0,0,0,0,0
457,0,100.0,0,0.0,0,0,0,0,0,0,0,0,0,0,0
458,0,100.0,0,0.0,0,0,0,0,0,0,0,0,0,0,0
459,0,100.0,0,0.0,0,0,0,0,0,0,0,0,0,0,0
460,0,100.0,0,0.0,0,0,0,0,0,0,0,0,0,0,0
461,0,100.0,0,0.0,0,0,0,0,0,0,0,0,0,0,0
462,1,98.76,0,0.0,0,0,0,0,0,0,0,0,0,0,1
463,1,47.63,0,0.0,0,0,0,0,0,0,0,0,0,0,1
464,0,100.0,1,31.26,0,0,0,0,0,0,0,0,0,0,0
465,1,33.66,1,13.88,1,1,0,0,0,0,0,0,0,0,0
466,1,25.34,1,48.48,1,1,0,0,0,0,0,0,0,0,0
467,0,100.0,0,0.0,0,0,0,0,0,0,0,0,0,0,0
468,0,100.0,0,0.0,0,0,0,0,0,0,0,0,0,0,0
469,0,100.0,0,0.0,0,0,0,0,0,0,0,0,0,0,0
470,0,100.0,0,0.0,0,0,0,0,0,0,0,0,0,0,0
471,0,100.0,0,0.0,0,0,0,0,0,0,0,0,0,0,0
472,0,100.0,1,16.89,0,0,0,0,0,0,0,0,0,0,0
473,0,100.0,0,0.0,0,0,0,0,0,0,0,0,0,0,0
474,0,100.0,0,0.0,0,0,0,0,0,0,0,0,0,0,0
475,0,100.0,0,0.0,0,0,0,0,0,0,0,0,0,0,0
476,0,100.0,0,0.0,0,0,0,0,0,0,0,0,0,0,0
477,0,100.0,0,0.0,0,0,0,0,0,0,0,0,0,0,0
478,0,100.0,0,0.0,0,0,0,0,0,0,0,0,0,0,0
479,1,25.37,1,36.82,0,0,0,0,0,0,0,0,0,0,1
480,0,100.0,1,26.49,0,0,0,0,0,0,0,0,0,0,0
481,0,100.0,0,0.0,0,0,0,0,0,0,0,0,0,0,0
482,1,98.42,0,0.0,0,0,0,0,0,0,0,0,0,0,1
483,0,100.0,0,0.0,0,0,0,0,0,0,0,0,0,0,0
484,0,100.0,0,0.0,0,0,0,0,0,0,0,0,0,0,0
485,0,100.0,0,0.0,0,0,0,0,0,0,0,0,0,0,0
486,0,100.0,0,0.0,0,0,0,0,0,0,0,0,0,0,0
487,1,29.1,1,44.31,0,0,0,0,0,0,0,0,0,0,1
488,0,100.0,1,15.88,0,0,0,0,0,0,0,0,0,0,0
489,0,100.0,0,0.0,0,0,0,0,0,0,0,0,0,0,0
490,0,100.0,0,0.0,0,0,0,0,0,0,0,0,0,0,0
491,1,32.59,0,0.0,0,0,0,0,0,0,0,0,0,0,1
492,0,100.0,0,0.0,0,0,0,0,0,0,0,0,0,0,0
493,0,100.0,0,0.0,0,0,0,0,0,0,0,0,0,0,0
494,0,100.0,1,37.41,0,0,0,0,0,0,0,0,0,0,0
495,0,100.0,0,0.0,0,0,0,0,0,0,0,0,0,0,0
496,1,97.58,1,30.05,0,0,0,0,0,0,0,0,0,0,1
497,0,100.0,0,0.0,0,0,0,0,0,0,0,0,0,0,0
498,0,100.0,0,0.0,0,0,0,0,0,0,0,0,0,0,0
499,1,98.84,0,0.0,0,0,0,0,0,0,0,0,0,0,1
500,0,100.0,0,0.0,0,0,0,0,0,0,0,0,0,0,0
501,0,100.0,0,0.0,0,0,0,0,0,0,0,0,0,0,0
502,0,100.0,0,0.0,0,0,0,0,0,0,0,0,0,0,0
503,0,100.0,0,0.0,0,0,0,0,0,0,0,0,0,0,0
504,1,43.91,0,0.0,0,0,0,0,0,0,0,0,0,0,1
505,1,49.09,0,0.0,0,0,0,0,0,0,0,0,0,0,1
506,1,97.77,0,0.0,0,0,0,0,0,0,0,0,0,0,1
507,0,100.0,0,0.0,0,0,0,0,0,0,0,0,0,0,0
508,1,97.83,0,0.0,0,0,0,0,0,0,0,0,0,0,1
509,0,100.0,0,0.0,0,0,0,0,0,0,0,0,0,0,0
510,0,100.0,0,0.0,0,0,0,0,0,0,0,0,0,0,0
511,0,100.0,0,0.0,0,0,0,0,0,0,0,0,0,0,0
512,0,100.0,0,0.0,0,0,0,0,0,0,0,0,0,0,0
513,1,24.52,1,46.72,0,0,0,0,0,0,0,0,0,0,1
514,1,21.77,1,10.84,0,0,0,0,0,0,0,0,0,0,1
515,1,94.38,0,0.0,0,0,0,0,0,0,0,0,0,0,1
516,0,100.0,0,0.0,0,0,0,0,0,0,0,0,0,0,0
517,0,100.0,0,0.0,0,0,0,0,0,0,0,0,0,0,0
518,0,100.0,1,21.76,0,0,0,0,0,0,0,0,0,0,0
519,1,22.57,1,45.63,1,1,0,0,0,0,0,0,0,0,0
520,0,100.0,0,0.0,0,0,0,0,0,0,0,0,0,0,0
521,0,100.0,0,0.0,0,0,0,0,0,0,0,0,0,0,0
522,0,100.0,0,0.0,0,0,0,0,0,0,0,0,0,0,0
523,0,100.0,0,0.0,0,0,0,0,0,0,0,0,0,0,0
524,1,96.46,0,0.0,0,0,0,0,0,0,0,0,0,0,1
525,1,98.04,0,0.0,0,0,0,0,0,0,0,0,0,0,1
526,1,48.12,1,56.56,0,0,0,0,0,0,0,0,0,0,1
527,1,98.81,0,0.0,0,0,0,0,0,0,0,0,0,0,1
528,0,100.0,0,0.0,0,0,0,0,0,0,0,0,0,0,0
529,1,97.31,0,0.0,0,0,0,0,0,0,0,0,0,0,1
530,0,100.0,0,0.0,0,0,0,0,0,0,0,0,0,0,0
531,1,98.27,0,0.0,0,0,0,0,0,0,0,0,0,0,1
532,0,100.0,1,29.51,0,0,0,0,0,0,0,0,0,0,0
533,1,29.46,1,32.2,0,0,0,0,0,0,0,0,0,0,1
534,0,100.0,0,0.0,0,0,0,0,0,0,0,0,0,0,0
535,0,100.0,0,0.0,0,0,0,0,0,0,0,0,0,0,0
536,0,100.0,0,0.0,0,0,0,0,0,0,0,0,0,0,0
537,0,100.0,0,0.0,0,0,0,0,0,0,0,0,0,0,0
538,1,27.91,1,33.9,0,0,0,0,0,0,0,0,0,0,1
539,0,100.0,0,0.0,0,0,0,0,0,0,0,0,0,0,0
540,1,26.01,1,37.52,1,1,0,0,0,0,0,0,0,0,0
541,1,97.32,0,0.0,0,0,0,0,0,0,0,0,0,0,1
542,1,51.78,0,0.0,0,0,0,0,0,0,0,0,0,0,1
543,0,100.0,0,0.0,0,0,0,0,0,0,0,0,0,0,0
544,1,97.14,0,0.0,0,0,0,0,0,0,0,0,0,0,1
545,0,100.0,0,0.0,0,0,0,0,0,0,0,0,0,0,0
546,0,100.0,0,0.0,0,0,0,0,0,0,0,0,0,0,0
547,1,98.68,0,0.0,0,0,0,0,0,0,0,0,0,0,1
548,1,48.47,0,0.0,0,0,0,0,0,0,0,0,0,0,1
549,0,100.0,0,0.0,0,0,0,0,0,0,0,0,0,0,0
550,1,97.67,0,0.0,0,0,0,0,0,0,0,0,0,0,1
551,1,98.95,0,0.0,0,0,0,0,0,0,0,0,0,0,1
552,0,100.0,0,0.0,0,0,0,0,0,0,0,0,0,0,0
553,0,100.0,0,0.0,0,0,0,0,0,0,0,0,0,0,0
554,0,100.0,0,0.0,0,0,0,0,0,0,0,0,0,0,0
555,0,100.0,0,0.0,0,0,0,0,0,0,0,0,0,0,0
556,0,100.0,0,0.0,0,0,0,0,0,0,0,0,0,0,0
557,0,100.0,1,27.42,0,0,0,0,0,0,0,0,0,0,0
558,0,100.0,0,0.0,0,0,0,0,0,0,0,0,0,0,0
559,0,100.0,1,26.25,0,0,0,0,0,0,0,0,0,0,0
560,0,100.0,0,0.0,0,0,0,0,0,0,0,0,0,0,0
561,0,100.0,1,35.79,0,0,0,0,0,0,0,0,0,0,0
562,0,100.0,0,0.0,0,0,0,0,0,0,0,0,0,0,0
563,1,97.41,0,0.0,0,0,0,0,0,0,0,0,0,0,1
564,0,100.0,0,0.0,0,0,0,0,0,0,0,0,0,0,0
565,0,100.0,0,0.0,0,0,0,0,0,0,0,0,0,0,0
566,0,100.0,1,22.93,0,0,0,0,0,0,0,0,0,0,0
567,0,100.0,1,24.33,0,0,0,0,0,0,0,0,0,0,0
568,0,100.0,1,18.77,0,0,0,0,0,0,0,0,0,0,0
569,0,100.0,0,0.0,0,0,0,0,0,0,0,0,0,0,0
570,0,100.0,0,0.0,0,0,0,0,0,0,0,0,0,0,0
571,0,100.0,0,0.0,0,0,0,0,0,0,0,0,0,0,0
572,0,100.0,0,0.0,0,0,0,0,0,0,0,0,0,0,0
573,0,100.0,0,0.0,0,0,0,0,0,0,0,0,0,0,0
574,0,100.0,0,0.0,0,0,0,0,0,0,0,0,0,0,0
575,1,98.86,1,34.95,0,0,0,0,0,0,0,0,0,0,1
576,0,100.0,0,0.0,0,0,0,0,0,0,0,0,0,0,0
577,1,97.67,0,0.0,0,0,0,0,0,0,0,0,0,0,1
578,1,97.31,0,0.0,0,0,0,0,0,0,0,0,0,0,1
579,0,100.0,0,0.0,0,0,0,0,0,0,0,0,0,0,0
580,1,30.92,0,0.0,1,1,0,0,0,0,0,0,0,0,0
581,0,100.0,0,0.0,0,0,0,0,0,0,0,0,0,0,0
582,0,100.0,0,0.0,0,0,0,0,0,0,0,0,0,0,0
583,0,100.0,0,0.0,0,0,0,0,0,0,0,0,0,0,0
584,0,100.0,0,0.0,0,0,0,0,0,0,0,0,0,0,0
585,0,100.0,0,0.0,0,0,0,0,0,0,0,0,0,0,0
586,1,41.13,1,22.62,0,0,0,0,0,0,0,0,0,0,1
587,0,100.0,1,30.56,0,0,0,0,0,0,0,0,0,0,0
588,0,100.0,0,0.0,0,0,0,0,0,0,0,0,0,0,0
589,0,100.0,0,0.0,0,0,0,0,0,0,0,0,0,0,0
590,1,65.87,1,65.33,0,0,0,0,0,0,0,0,0,0,1
591,0,100.0,0,0.0,0,0,0,0,0,0,0,0,0,0,0
592,0,100.0,0,0.0,0,0,0,0,0,0,0,0,0,0,0
593,1,33.89,1,20.12,1,1,0,0,0,0,0,0,0,0,0
594,0,100.0,0,0.0,0,0,0,0,0,0,0,0,0,0,0
595,0,100.0,1,37.83,0,0,0,0,0,0,0,0,0,0,0
596,1,27.38,1,28.31,1,1,0,0,0,0,0,0,0,0,0
597,0,100.0,0,0.0,0,0,0,0,0,0,0,0,0,0,0
598,0,100.0,0,0.0,0,0,0,0,0,0,0,0,0,0,0
599,0,100.0,0,0.0,0,0,0,0,0,0,0,0,0,0,0
600,0,100.0,0,0.0,0,0,0,0,0,0,0,0,0,0,0
601,0,100.0,1,30.44,0,0,0,0,0,0,0,0,0,0,0
602,0,100.0,0,0.0,0,0,0,0,0,0,0,0,0,0,0
603,1,44.79,0,0.0,0,0,0,0,0,0,0,0,0,0,1
604,0,100.0,0,0.0,0,0,0,0,0,0,0,0,0,0,0
605,0,100.0,0,0.0,0,0,0,0,0,0,0,0,0,0,0
606,0,100.0,1,43.27,0,0,0,0,0,0,0,0,0,0,0
607,0,100.0,0,0.0,0,0,0,0,0,0,0,0,0,0,0
608,0,100.0,0,0.0,0,0,0,0,0,0,0,0,0,0,0
609,0,100.0,0,0.0,0,0,0,0,0,0,0,0,0,0,0
610,0,100.0,0,0.0,0,0,0,0,0,0,0,0,0,0,0
611,0,100.0,0,0.0,0,0,0,0,0,0,0,0,0,0,0
612,0,100.0,0,0.0,0,0,0,0,0,0,0,0,0,0,0
613,0,100.0,0,0.0,0,0,0,0,0,0,0,0,0,0,0
614,0,100.0,0,0.0,0,0,0,0,0,0,0,0,0,0,0
615,0,100.0,0,0.0,0,0,0,0,0,0,0,0,0,0,0
616,0,100.0,0,0.0,0,0,0,0,0,0,0,0,0,0,0
617,0,100.0,0,0.0,0,0,0,0,0,0,0,0,0,0,0
618,0,100.0,0,0.0,0,0,0,0,0,0,0,0,0,0,0
619,0,100.0,0,0.0,0,0,0,0,0,0,0,0,0,0,0
620,0,100.0,0,0.0,0,0,0,0,0,0,0,0,0,0,0
621,1,43.46,0,0.0,0,0,0,0,0,0,0,0,0,0,1
622,0,100.0,0,0.0,0,0,0,0,0,0,0,0,0,0,0
623,0,100.0,0,0.0,0,0,0,0,0,0,0,0,0,0,0
624,0,100.0,0,0.0,0,0,0,0,0,0,0,0,0,0,0
625,0,100.0,0,0.0,0,0,0,0,0,0,0,0,0,0,0
626,0,100.0,0,0.0,0,0,0,0,0,0,0,0,0,0,0
627,1,54.42,0,0.0,0,0,0,0,0,0,0,0,0,0,1
628,0,100.0,1,39.1,0,0,0,0,0,0,0,0,0,0,0
629,1,51.23,0,0.0,0,0,0,0,0,0,0,0,0,0,1
630,0,100.0,1,23.23,0,0,0,0,0,0,0,0,0,0,0
631,0,100.0,0,0.0,0,0,0,0,0,0,0,0,0,0,0
632,0,100.0,0,0.0,0,0,0,0,0,0,0,0,0,0,0
633,1,30.99,0,0.0,0,0,0,0,0,0,0,0,0,0,1
634,0,100.0,0,0.0,0,0,0,0,0,0,0,0,0,0,0
635,1,36.5,1,31.62,1,1,0,0,0,0,0,0,0,0,0
636,1,27.3,1,43.86,1,1,0,0,0,0,0,0,0,0,0
637,0,100.0,0,0.0,0,0,0,0,0,0,0,0,0,0,0
638,0,100.0,0,0.0,0,0,0,0,0,0,0,0,0,0,0
639,0,100.0,0,0.0,0,0,0,0,0,0,0,0,0,0,0
640,1,98.93,0,0.0,0,0,0,0,0,0,0,0,0,0,1
641,0,100.0,0,0.0,0,0,0,0,0,0,0,0,0,0,0
642,1,54.22,0,0.0,0,0,0,0,0,0,0,0,0,0,1
643,0,100.0,1,28.18,0,0,0,0,0,0,0,0,0,0,0
644,0,100.0,0,0.0,0,0,0,0,0,0,0,0,0,0,0
645,1,29.61,1,39.4,1,1,0,0,0,0,0,0,0,0,0
646,0,100.0,0,0.0,0,0,0,0,0,0,0,0,0,0,0
647,1,98.15,0,0.0,0,0,0,0,0,0,0,0,0,0,1
648,0,100.0,0,0.0,0,0,0,0,0,0,0,0,0,0,0
649,0,100.0,0,0.0,0,0,0,0,0,0,0,0,0,0,0
650,0,100.0,0,0.0,0,0,0,0,0,0,0,0,0,0,0
651,1,97.67,0,0.0,0,0,0,0,0,0,0,0,0,0,1
652,0,100.0,0,0.0,0,0,0,0,0,0,0,0,0,0,0
653,0,100.0,0,0.0,0,0,0,0,0,0,0,0,0,0,0
654,1,38.09,1,25.97,0,0,0,0,0,0,0,0,0,0,1
655,0,100.0,0,0.0,0,0,0,0,0,0,0,0,0,0,0
656,0,100.0,0,0.0,0,0,0,0,0,0,0,0,0,0,0
657,0,100.0,0,0.0,0,0,0,0,0,0,0,0,0,0,0
658,0,100.0,0,0.0,0,0,0,0,0,0,0,0,0,0,0
659,1,27.12,1,53.13,1,1,0,0,0,0,0,0,0,0,0
660,0,100.0,1,25.83,0,0,0,0,0,0,0,0,0,0,0
661,0,100.0,1,33.28,0,0,0,0,0,0,0,0,0,0,0
662,0,100.0,0,0.0,0,0,0,0,0,0,0,0,0,0,0
663,0,100.0,0,0.0,0,0,0,0,0,0,0,0,0,0,0
664,0,100.0,0,0.0,0,0,0,0,0,0,0,0,0,0,0
665,1,98.0,0,0.0,0,0,0,0,0,0,0,0,0,0,1
666,0,100.0,0,0.0,0,0,0,0,0,0,0,0,0,0,0
667,0,100.0,0,0.0,0,0,0,0,0,0,0,0,0,0,0
668,0,100.0,0,0.0,0,0,0,0,0,0,0,0,0,0,0
669,0,100.0,0,0.0,0,0,0,0,0,0,0,0,0,0,0
670,1,98.3,1,24.44,0,0,0,0,0,0,0,0,0,0,1
671,0,100.0,0,0.0,0,0,0,0,0,0,0,0,0,0,0
672,0,100.0,0,0.0,0,0,0,0,0,0,0,0,0,0,0
673,1,51.24,1,54.42,0,0,0,0,0,0,0,0,0,0,1
674,1,28.36,1,30.7,0,0,0,0,0,0,0,0,0,0,1
675,1,53.06,1,42.02,0,0,0,0,0,0,0,0,0,0,1
676,0,100.0,0,0.0,0,0,0,0,0,0,0,0,0,0,0
677,0,100.0,0,0.0,0,0,0,0,0,0,0,0,0,0,0
678,1,30.39,1,31.86,1,1,0,0,0,0,0,0,0,0,0
679,0,100.0,0,0.0,0,0,0,0,0,0,0,0,0,0,0
680,1,20.89,1,5.53,1,1,0,0,0,0,0,0,0,0,0
681,1,44.24,0,0.0,0,0,0,0,0,0,0,0,0,0,1
682,0,100.0,0,0.0,0,0,0,0,0,0,0,0,0,0,0
683,0,100.0,0,0.0,0,0,0,0,0,0,0,0,0,0,0
684,0,100.0,0,0.0,0,0,0,0,0,0,0,0,0,0,0
685,1,45.26,1,62.26,0,0,0,0,0,0,0,0,0,0,1
686,0,100.0,0,0.0,0,0,0,0,0,0,0,0,0,0,0
687,0,100.0,0,0.0,0,0,0,0,0,0,0,0,0,0,0
688,0,100.0,0,0.0,0,0,0,0,0,0,0,0,0,0,0
689,1,35.89,1,39.28,1,1,0,0,0,0,0,0,0,0,0
690,0,100.0,0,0.0,0,0,0,0,0,0,0,0,0,0,0
691,0,100.0,0,0.0,0,0,0,0,0,0,0,0,0,0,0
692,0,100.0,1,22.98,0,0,0,0,0,0,0,0,0,0,0
693,1,49.58,0,0.0,0,0,0,0,0,0,0,0,0,0,1
694,1,32.82,1,13.75,1,1,0,0,0,0,0,0,0,0,0
695,1,50.54,0,0.0,0,0,0,0,0,0,0,0,0,0,1
696,0,100.0,0,0.0,0,0,0,0,0,0,0,0,0,0,0
697,0,100.0,0,0.0,0,0,0,0,0,0,0,0,0,0,0
698,0,100.0,1,22.85,0,0,0,0,0,0,0,0,0,0,0
699,0,100.0,0,0.0,0,0,0,0,0,0,0,0,0,0,0
700,0,100.0,0,0.0,0,0,0,0,0,0,0,0,0,0,0
701,1,31.19,1,18.74,1,1,0,0,0,0,0,0,0,0,0
702,0,100.0,0,0.0,0,0,0,0,0,0,0,0,0,0,0
703,1,40.04,1,47.54,0,0,0,0,0,0,0,0,0,0,1
704,1,40.59,0,0.0,0,0,0,0,0,0,0,0,0,0,1
705,1,96.55,0,0.0,0,0,0,0,0,0,0,0,0,0,1
706,0,100.0,0,0.0,0,0,0,0,0,0,0,0,0,0,0
707,0,100.0,0,0.0,0,0,0,0,0,0,0,0,0,0,0
708,0,100.0,0,0.0,0,0,0,0,0,0,0,0,0,0,0
709,0,100.0,0,0.0,0,0,0,0,0,0,0,0,0,0,0
710,0,100.0,0,0.0,0,0,0,0,0,0,0,0,0,0,0
711,1,43.07,0,0.0,0,0,0,0,0,0,0,0,0,0,1
712,0,100.0,0,0.0,0,0,0,0,0,0,0,0,0,0,0
713,0,100.0,0,0.0,0,0,0,0,0,0,0,0,0,0,0
714,1,34.45,1,39.34,1,1,0,0,0,0,0,0,0,0,0
715,0,100.0,1,27.94,0,0,0,0,0,0,0,0,0,0,0
716,0,100.0,0,0.0,0,0,0,0,0,0,0,0,0,0,0
0,0,100.0,0,0.0,0,0,0,0,0,0,0,0,0,0,0
1,0,100.0,0,0.0,0,0,0,0,0,0,0,0,0,0,0
2,1,33.52,1,36.28,0,0,0,0,0,0,0,0,0,0,1
3,0,100.0,0,0.0,0,0,0,0,0,0,0,0,0,0,0
4,0,100.0,0,0.0,0,0,0,0,0,0,0,0,0,0,0
5,0,100.0,0,0.0,0,0,0,0,0,0,0,0,0,0,0
6,0,100.0,0,0.0,0,0,0,0,0,0,0,0,0,0,0
7,0,100.0,0,0.0,0,0,0,0,0,0,0,0,0,0,0
8,1,25.5,1,43.5,1,1,0,0,0,0,0,0,0,0,0
9,1,27.18,1,12.44,0,0,0,0,0,0,0,0,0,0,1
10,1,26.25,1,23.79,0,0,0,0,0,0,0,0,0,0,1
11,0,100.0,0,0.0,0,0,0,0,0,0,0,0,0,0,0
12,0,100.0,0,0.0,0,0,0,0,0,0,0,0,0,0,0
13,1,38.29,1,49.02,1,1,0,0,0,0,0,0,0,0,0
14,0,100.0,0,0.0,0,0,0,0,0,0,0,0,0,0,0
15,0,100.0,0,0.0,0,0,0,0,0,0,0,0,0,0,0
16,0,100.0,0,0.0,0,0,0,0,0,0,0,0,0,0,0
17,0,100.0,0,0.0,0,0,0,0,0,0,0,0,0,0,0
18,0,100.0,0,0.0,0,0,0,0,0,0,0,0,0,0,0
19,0,100.0,0,0.0,0,0,0,0,0,0,0,0,0,0,0
20,0,100.0,0,0.0,0,0,0,0,0,0,0,0,0,0,0
21,1,71.19,0,0.0,0,0,0,0,0,0,0,0,0,0,1
22,1,56.98,0,0.0,0,0,0,0,0,0,0,0,0,0,1
23,1,31.56,1,39.8,0,0,0,0,0,0,0,0,0,0,1
24,1,41.97,0,0.0,0,0,0,0,0,0,0,0,0,0,1
25,0,100.0,0,0.0,0,0,0,0,0,0,0,0,0,0,0
26,0,100.0,0,0.0,0,0,0,0,0,0,0,0,0,0,0
27,0,100.0,0,0.0,0,0,0,0,0,0,0,0,0,0,0
28,0,100.0,0,0.0,0,0,0,0,0,0,0,0,0,0,0
29,0,100.0,0,0.0,0,0,0,0,0,0,0,0,0,0,0
30,0,100.0,0,0.0,0,0,0,0,0,0,0,0,0,0,0
31,1,30.7,1,19.23,0,0,0,0,0,0,0,0,0,0,1
32,0,100.0,0,0.0,0,0,0,0,0,0,0,0,0,0,0
33,0,100.0,0,0.0,0,0,0,0,0,0,0,0,0,0,0
34,0,100.0,0,0.0,0,0,0,0,0,0,0,0,0,0,0
35,0,100.0,0,0.0,0,0,0,0,0,0,0,0,0,0,0
36,0,100.0,0,0.0,0,0,0,0,0,0,0,0,0,0,0
37,0,100.0,1,30.59,0,0,0,0,0,0,0,0,0,0,0
38,1,44.23,1,39.83,1,1,0,0,0,0,0,0,0,0,0
39,1,56.95,0,0.0,0,0,0,0,0,0,0,0,0,0,1
40,1,25.65,1,17.31,0,0,0,0,0,0,0,0,0,0,1
41,0,100.0,1,27.58,0,0,0,0,0,0,0,0,0,0,0
42,1,24.48,1,40.56,1,1,0,0,0,0,0,0,0,0,0
43,0,100.0,0,0.0,0,0,0,0,0,0,0,0,0,0,0
44,0,100.0,0,0.0,0,0,0,0,0,0,0,0,0,0,0
45,1,33.86,1,38.26,1,1,0,0,0,0,0,0,0,0,0
46,0,100.0,0,0.0,0,0,0,0,0,0,0,0,0,0,0
47,0,100.0,0,0.0,0,0,0,0,0,0,0,0,0,0,0
48,0,100.0,0,0.0,0,0,0,0,0,0,0,0,0,0,0
49,0,100.0,1,54.39,0,0,0,0,0,0,0,0,0,0,0
50,0,100.0,0,0.0,0,0,0,0,0,0,0,0,0,0,0
51,0,100.0,0,0.0,0,0,0,0,0,0,0,0,0,0,0
52,0,100.0,0,0.0,0,0,0,0,0,0,0,0,0,0,0
53,0,100.0,0,0.0,0,0,0,0,0,0,0,0,0,0,0
54,0,100.0,0,0.0,0,0,0,0,0,0,0,0,0,0,0
55,0,100.0,0,0.0,0,0,0,0,0,0,0,0,0,0,0
56,1,37.12,0,0.0,1,1,0,0,0,0,0,0,0,0,0
57,0,100.0,0,0.0,0,0,0,0,0,0,0,0,0,0,0
58,1,25.81,1,15.7,1,1,0,0,0,0,0,0,0,0,0
59,0,100.0,0,0.0,0,0,0,0,0,0,0,0,0,0,0
60,0,100.0,1,27.98,0,0,0,0,0,0,0,0,0,0,0
61,0,100.0,0,0.0,0,0,0,0,0,0,0,0,0,0,0
62,0,100.0,0,0.0,0,0,0,0,0,0,0,0,0,0,0
63,0,100.0,0,0.0,0,0,0,0,0,0,0,0,0,0,0
64,1,40.88,0,0.0,0,0,0,0,0,0,0,0,0,0,1
65,0,100.0,0,0.0,0,0,0,0,0,0,0,0,0,0,0
66,0,100.0,0,0.0,0,0,0,0,0,0,0,0,0,0,0
67,0,100.0,0,0.0,0,0,0,0,0,0,0,0,0,0,0
68,0,100.0,0,0.0,0,0,0,0,0,0,0,0,0,0,0
69,0,100.0,0,0.0,0,0,0,0,0,0,0,0,0,0,0
70,1,25.56,1,41.66,1,1,0,0,0,0,0,0,0,0,0
71,0,100.0,0,0.0,0,0,0,0,0,0,0,0,0,0,0
72,1,59.48,0,0.0,0,0,0,0,0,0,0,0,0,0,1
73,1,23.13,1,38.26,0,0,0,0,0,0,0,0,0,0,1
74,0,100.0,0,0.0,0,0,0,0,0,0,0,0,0,0,0
75,0,100.0,0,0.0,0,0,0,0,0,0,0,0,0,0,0
76,0,100.0,0,0.0,0,0,0,0,0,0,0,0,0,0,0
77,1,35.7,1,62.07,0,0,0,0,0,0,0,0,0,0,1
78,1,33.39,1,37.8,1,1,0,0,0,0,0,0,0,0,0
79,0,100.0,0,0.0,0,0,0,0,0,0,0,0,0,0,0
80,0,100.0,0,0.0,0,0,0,0,0,0,0,0,0,0,0
81,0,100.0,1,37.94,0,0,0,0,0,0,0,0,0,0,0
82,0,100.0,0,0.0,0,0,0,0,0,0,0,0,0,0,0
83,0,100.0,0,0.0,0,0,0,0,0,0,0,0,0,0,0
84,0,100.0,1,30.67,0,0,0,0,0,0,0,0,0,0,0
85,0,100.0,0,0.0,0,0,0,0,0,0,0,0,0,0,0
86,0,100.0,0,0.0,0,0,0,0,0,0,0,0,0,0,0
87,0,100.0,0,0.0,0,0,0,0,0,0,0,0,0,0,0
88,0,100.0,1,36.58,0,0,0,0,0,0,0,0,0,0,0
89,1,30.23,1,24.87,1,1,0,0,0,0,0,0,0,0,0
90,0,100.0,0,0.0,0,0,0,0,0,0,0,0,0,0,0
91,0,100.0,0,0.0,0,0,0,0,0,0,0,0,0,0,0
92,0,100.0,0,0.0,0,0,0,0,0,0,0,0,0,0,0
93,0,100.0,0,0.0,0,0,0,0,0,0,0,0,0,0,0
94,0,100.0,0,0.0,0,0,0,0,0,0,0,0,0,0,0
95,0,100.0,1,32.79,0,0,0,0,0,0,0,0,0,0,0
96,0,100.0,0,0.0,0,0,0,0,0,0,0,0,0,0,0
97,1,41.43,0,0.0,0,0,0,0,0,0,0,0,0,0,1
98,0,100.0,0,0.0,0,0,0,0,0,0,0,0,0,0,0
99,0,100.0,0,0.0,0,0,0,0,0,0,0,0,0,0,0
100,0,100.0,0,0.0,0,0,0,0,0,0,0,0,0,0,0
101,1,26.6,1,43.94,0,0,0,0,0,0,0,0,0,0,1
102,1,57.96,0,0.0,0,0,0,0,0,0,0,0,0,0,1
103,1,29.21,1,39.58,0,0,0,0,0,0,0,0,0,0,1
104,0,100.0,0,0.0,0,0,0,0,0,0,0,0,0,0,0
105,0,100.0,1,36.43,0,0,0,0,0,0,0,0,0,0,0
106,0,100.0,0,0.0,0,0,0,0,0,0,0,0,0,0,0
107,1,40.95,1,28.4,0,0,0,0,0,0,0,0,0,0,1
108,1,27.05,1,50.32,1,1,0,0,0,0,0,0,0,0,0
109,1,44.05,0,0.0,0,0,0,0,0,0,0,0,0,0,1
110,0,100.0,0,0.0,0,0,0,0,0,0,0,0,0,0,0
111,0,100.0,0,0.0,0,0,0,0,0,0,0,0,0,0,0
112,0,100.0,0,0.0,0,0,0,0,0,0,0,0,0,0,0
113,0,100.0,1,31.36,0,0,0,0,0,0,0,0,0,0,0
114,0,100.0,0,0.0,0,0,0,0,0,0,0,0,0,0,0
115,0,100.0,0,0.0,0,0,0,0,0,0,0,0,0,0,0
116,0,100.0,0,0.0,0,0,0,0,0,0,0,0,0,0,0
117,0,100.0,0,0.0,0,0,0,0,0,0,0,0,0,0,0
118,1,49.58,0,0.0,0,0,0,0,0,0,0,0,0,0,1
119,1,67.51,0,0.0,0,0,0,0,0,0,0,0,0,0,1
120,0,100.0,0,0.0,0,0,0,0,0,0,0,0,0,0,0
121,1,34.91,1,42.11,1,1,0,0,0,0,0,0,0,0,0
122,0,100.0,0,0.0,0,0,0,0,0,0,0,0,0,0,0
123,0,100.0,0,0.0,0,0,0,0,0,0,0,0,0,0,0
124,1,55.99,0,0.0,0,0,0,0,0,0,0,0,0,0,1
125,0,100.0,0,0.0,0,0,0,0,0,0,0,0,0,0,0
126,0,100.0,0,0.0,0,0,0,0,0,0,0,0,0,0,0
127,1,17.45,1,5.85,1,1,0,0,0,0,0,0,0,0,0
128,0,100.0,0,0.0,0,0,0,0,0,0,0,0,0,0,0
129,0,100.0,0,0.0,0,0,0,0,0,0,0,0,0,0,0
130,0,100.0,0,0.0,0,0,0,0,0,0,0,0,0,0,0
131,0,100.0,0,0.0,0,0,0,0,0,0,0,0,0,0,0
132,0,100.0,0,0.0,0,0,0,0,0,0,0,0,0,0,0
133,0,100.0,0,0.0,0,0,0,0,0,0,0,0,0,0,0
134,0,100.0,1,18.52,0,0,0,0,0,0,0,0,0,0,0
135,1,54.3,0,0.0,0,0,0,0,0,0,0,0,0,0,1
136,0,100.0,0,0.0,0,0,0,0,0,0,0,0,0,0,0
137,0,100.0,0,0.0,0,0,0,0,0,0,0,0,0,0,0
138,0,100.0,0,0.0,0,0,0,0,0,0,0,0,0,0,0
139,0,100.0,0,0.0,0,0,0,0,0,0,0,0,0,0,0
140,0,100.0,0,0.0,0,0,0,0,0,0,0,0,0,0,0
141,0,100.0,0,0.0,0,0,0,0,0,0,0,0,0,0,0
142,0,100.0,0,0.0,0,0,0,0,0,0,0,0,0,0,0
143,1,77.48,0,0.0,0,0,0,0,0,0,0,0,0,0,1
144,0,100.0,0,0.0,0,0,0,0,0,0,0,0,0,0,0
145,0,100.0,0,0.0,0,0,0,0,0,0,0,0,0,0,0
146,0,100.0,1,22.63,0,0,0,0,0,0,0,0,0,0,0
147,1,53.95,1,69.86,0,0,0,0,0,0,0,0,0,0,1
148,0,100.0,0,0.0,0,0,0,0,0,0,0,0,0,0,0
149,0,100.0,0,0.0,0,0,0,0,0,0,0,0,0,0,0
150,0,100.0,0,0.0,0,0,0,0,0,0,0,0,0,0,0
151,0,100.0,0,0.0,0,0,0,0,0,0,0,0,0,0,0
152,0,100.0,0,0.0,0,0,0,0,0,0,0,0,0,0,0
153,0,100.0,0,0.0,0,0,0,0,0,0,0,0,0,0,0
154,0,100.0,0,0.0,0,0,0,0,0,0,0,0,0,0,0
155,0,100.0,0,0.0,0,0,0,0,0,0,0,0,0,0,0
156,0,100.0,0,0.0,0,0,0,0,0,0,0,0,0,0,0
157,0,100.0,1,19.39,0,0,0,0,0,0,0,0,0,0,0
158,0,100.0,0,0.0,0,0,0,0,0,0,0,0,0,0,0
159,0,100.0,0,0.0,0,0,0,0,0,0,0,0,0,0,0
160,0,100.0,0,0.0,0,0,0,0,0,0,0,0,0,0,0
161,0,100.0,0,0.0,0,0,0,0,0,0,0,0,0,0,0
162,0,100.0,0,0.0,0,0,0,0,0,0,0,0,0,0,0
163,0,100.0,0,0.0,0,0,0,0,0,0,0,0,0,0,0
164,0,100.0,0,0.0,0,0,0,0,0,0,0,0,0,0,0
165,0,100.0,0,0.0,0,0,0,0,0,0,0,0,0,0,0
166,0,100.0,0,0.0,0,0,0,0,0,0,0,0,0,0,0
167,1,30.99,1,20.41,1,1,0,0,0,0,0,0,0,0,0
168,1,24.53,0,0.0,1,1,0,0,0,0,0,0,0,0,0
169,0,100.0,0,0.0,0,0,0,0,0,0,0,0,0,0,0
170,0,100.0,0,0.0,0,0,0,0,0,0,0,0,0,0,0
171,1,31.56,1,28.74,1,1,0,0,0,0,0,0,0,0,0
172,0,100.0,0,0.0,0,0,0,0,0,0,0,0,0,0,0
173,0,100.0,0,0.0,0,0,0,0,0,0,0,0,0,0,0
174,0,100.0,0,0.0,0,0,0,0,0,0,0,0,0,0,0
175,0,100.0,1,31.71,0,0,0,0,0,0,0,0,0,0,0
176,1,45.54,0,0.0,0,0,0,0,0,0,0,0,0,0,1
177,1,22.41,1,42.72,0,0,0,0,0,0,0,0,0,0,1
178,0,100.0,0,0.0,0,0,0,0,0,0,0,0,0,0,0
179,0,100.0,1,23.09,0,0,0,0,0,0,0,0,0,0,0
180,0,100.0,0,0.0,0,0,0,0,0,0,0,0,0,0,0
181,1,31.78,0,0.0,1,1,0,0,0,0,0,0,0,0,0
182,0,100.0,0,0.0,0,0,0,0,0,0,0,0,0,0,0
183,1,34.49,1,44.59,1,1,0,0,0,0,0,0,0,0,0
184,0,100.0,0,0.0,0,0,0,0,0,0,0,0,0,0,0
185,0,100.0,0,0.0,0,0,0,0,0,0,0,0,0,0,0
186,0,100.0,0,0.0,0,0,0,0,0,0,0,0,0,0,0
187,0,100.0,0,0.0,0,0,0,0,0,0,0,0,0,0,0
188,0,100.0,1,40.93,0,0,0,0,0,0,0,0,0,0,0
189,0,100.0,0,0.0,0,0,0,0,0,0,0,0,0,0,0
190,0,100.0,0,0.0,0,0,0,0,0,0,0,0,0,0,0
191,0,100.0,1,25.4,0,0,0,0,0,0,0,0,0,0,0
192,0,100.0,0,0.0,0,0,0,0,0,0,0,0,0,0,0
193,0,100.0,0,0.0,0,0,0,0,0,0,0,0,0,0,0
194,0,100.0,0,0.0,0,0,0,0,0,0,0,0,0,0,0
195,0,100.0,0,0.0,0,0,0,0,0,0,0,0,0,0,0
196,0,100.0,0,0.0,0,0,0,0,0,0,0,0,0,0,0
197,0,100.0,0,0.0,0,0,0,0,0,0,0,0,0,0,0
198,0,100.0,0,0.0,0,0,0,0,0,0,0,0,0,0,0
199,0,100.0,0,0.0,0,0,0,0,0,0,0,0,0,0,0
200,1,34.58,1,47.54,0,0,0,0,0,0,0,0,0,0,1
201,0,100.0,1,14.68,0,0,0,0,0,0,0,0,0,0,0
202,0,100.0,1,16.44,0,0,0,0,0,0,0,0,0,0,0
203,0,100.0,1,23.85,0,0,0,0,0,0,0,0,0,0,0
204,0,100.0,0,0.0,0,0,0,0,0,0,0,0,0,0,0
205,0,100.0,0,0.0,0,0,0,0,0,0,0,0,0,0,0
206,0,100.0,0,0.0,0,0,0,0,0,0,0,0,0,0,0
207,0,100.0,0,0.0,0,0,0,0,0,0,0,0,0,0,0
208,0,100.0,0,0.0,0,0,0,0,0,0,0,0,0,0,0
209,1,25.56,1,29.48,1,1,0,0,0,0,0,0,0,0,0
210,0,100.0,0,0.0,0,0,0,0,0,0,0,0,0,0,0
211,1,84.33,0,0.0,0,0,0,0,0,0,0,0,0,0,1
212,0,100.0,1,40.97,0,0,0,0,0,0,0,0,0,0,0
213,0,100.0,0,0.0,0,0,0,0,0,0,0,0,0,0,0
214,1,49.93,0,0.0,0,0,0,0,0,0,0,0,0,0,1
215,1,51.94,0,0.0,0,0,0,0,0,0,0,0,0,0,1
216,0,100.0,0,0.0,0,0,0,0,0,0,0,0,0,0,0
217,0,100.0,0,0.0,0,0,0,0,0,0,0,0,0,0,0
218,1,31.52,1,42.15,1,1,0,0,0,0,0,0,0,0,0
219,0,100.0,0,0.0,0,0,0,0,0,0,0,0,0,0,0
220,0,100.0,0,0.0,0,0,0,0,0,0,0,0,0,0,0
221,0,100.0,0,0.0,0,0,0,0,0,0,0,0,0,0,0
222,0,100.0,0,0.0,0,0,0,0,0,0,0,0,0,0,0
223,0,100.0,0,0.0,0,0,0,0,0,0,0,0,0,0,0
224,1,56.6,1,30.67,0,0,0,0,0,0,0,0,0,0,1
225,0,100.0,0,0.0,0,0,0,0,0,0,0,0,0,0,0
226,0,100.0,0,0.0,0,0,0,0,0,0,0,0,0,0,0
227,0,100.0,0,0.0,0,0,0,0,0,0,0,0,0,0,0
228,0,100.0,0,0.0,0,0,0,0,0,0,0,0,0,0,0
229,0,100.0,0,0.0,0,0,0,0,0,0,0,0,0,0,0
230,0,100.0,0,0.0,0,0,0,0,0,0,0,0,0,0,0
231,0,100.0,0,0.0,0,0,0,0,0,0,0,0,0,0,0
232,0,100.0,0,0.0,0,0,0,0,0,0,0,0,0,0,0
233,0,100.0,0,0.0,0,0,0,0,0,0,0,0,0,0,0
234,0,100.0,0,0.0,0,0,0,0,0,0,0,0,0,0,0
235,1,39.26,0,0.0,0,0,0,0,0,0,0,0,0,0,1
236,0,100.0,0,0.0,0,0,0,0,0,0,0,0,0,0,0
237,0,100.0,0,0.0,0,0,0,0,0,0,0,0,0,0,0
238,0,100.0,0,0.0,0,0,0,0,0,0,0,0,0,0,0
239,0,100.0,0,0.0,0,0,0,0,0,0,0,0,0,0,0
240,0,100.0,0,0.0,0,0,0,0,0,0,0,0,0,0,0
241,0,100.0,0,0.0,0,0,0,0,0,0,0,0,0,0,0
242,0,100.0,1,30.98,0,0,0,0,0,0,0,0,0,0,0
243,0,100.0,0,0.0,0,0,0,0,0,0,0,0,0,0,0
244,0,100.0,0,0.0,0,0,0,0,0,0,0,0,0,0,0
245,0,100.0,0,0.0,0,0,0,0,0,0,0,0,0,0,0
246,0,100.0,0,0.0,0,0,0,0,0,0,0,0,0,0,0
247,0,100.0,0,0.0,0,0,0,0,0,0,0,0,0,0,0
248,1,37.58,1,62.27,0,0,0,0,0,0,0,0,0,0,1
249,0,100.0,0,0.0,0,0,0,0,0,0,0,0,0,0,0
250,0,100.0,0,0.0,0,0,0,0,0,0,0,0,0,0,0
251,0,100.0,0,0.0,0,0,0,0,0,0,0,0,0,0,0
252,0,100.0,0,0.0,0,0,0,0,0,0,0,0,0,0,0
253,0,100.0,0,0.0,0,0,0,0,0,0,0,0,0,0,0
254,0,100.0,0,0.0,0,0,0,0,0,0,0,0,0,0,0
255,1,51.24,0,0.0,0,0,0,0,0,0,0,0,0,0,1
256,0,100.0,0,0.0,0,0,0,0,0,0,0,0,0,0,0
257,0,100.0,0,0.0,0,0,0,0,0,0,0,0,0,0,0
258,0,100.0,0,0.0,0,0,0,0,0,0,0,0,0,0,0
259,1,29.9,1,9.94,0,0,0,0,0,0,0,0,0,0,1
260,0,100.0,0,0.0,0,0,0,0,0,0,0,0,0,0,0
261,0,100.0,0,0.0,0,0,0,0,0,0,0,0,0,0,0
262,0,100.0,0,0.0,0,0,0,0,0,0,0,0,0,0,0
263,0,100.0,0,0.0,0,0,0,0,0,0,0,0,0,0,0
264,0,100.0,0,0.0,0,0,0,0,0,0,0,0,0,0,0
265,0,100.0,0,0.0,0,0,0,0,0,0,0,0,0,0,0
266,1,23.69,1,11.69,1,1,0,0,0,0,0,0,0,0,0
267,0,100.0,0,0.0,0,0,0,0,0,0,0,0,0,0,0
268,0,100.0,0,0.0,0,0,0,0,0,0,0,0,0,0,0
269,1,18.76,1,23.38,1,1,0,0,0,0,0,0,0,0,0
270,0,100.0,1,44.63,0,0,0,0,0,0,0,0,0,0,0
271,1,26.83,1,59.35,1,1,0,0,0,0,0,0,0,0,0
272,0,100.0,0,0.0,0,0,0,0,0,0,0,0,0,0,0
273,0,100.0,0,0.0,0,0,0,0,0,0,0,0,0,0,0
274,1,26.72,1,36.58,1,1,0,0,0,0,0,0,0,0,0
275,0,100.0,0,0.0,0,0,0,0,0,0,0,0,0,0,0
276,0,100.0,0,0.0,0,0,0,0,0,0,0,0,0,0,0
277,0,100.0,1,29.41,0,0,0,0,0,0,0,0,0,0,0
278,1,70.05,0,0.0,0,0,0,0,0,0,0,0,0,0,1
279,0,100.0,0,0.0,0,0,0,0,0,0,0,0,0,0,0
280,0,100.0,0,0.0,0,0,0,0,0,0,0,0,0,0,0
281,1,53.42,0,0.0,0,0,0,0,0,0,0,0,0,0,1
282,0,100.0,0,0.0,0,0,0,0,0,0,0,0,0,0,0
283,1,24.44,1,30.29,0,0,0,0,0,0,0,0,0,0,1
284,0,100.0,0,0.0,0,0,0,0,0,0,0,0,0,0,0
285,1,24.08,1,27.13,0,0,0,0,0,0,0,0,0,0,1
286,0,100.0,0,0.0,0,0,0,0,0,0,0,0,0,0,0
287,1,48.07,0,0.0,0,0,0,0,0,0,0,0,0,0,1
288,0,100.0,0,0.0,0,0,0,0,0,0,0,0,0,0,0
289,0,100.0,0,0.0,0,0,0,0,0,0,0,0,0,0,0
290,1,50.98,0,0.0,0,0,0,0,0,0,0,0,0,0,1
291,0,100.0,0,0.0,0,0,0,0,0,0,0,0,0,0,0
292,0,100.0,0,0.0,0,0,0,0,0,0,0,0,0,0,0
293,0,100.0,0,0.0,0,0,0,0,0,0,0,0,0,0,0
294,1,68.33,0,0.0,0,0,0,0,0,0,0,0,0,0,1
295,0,100.0,0,0.0,0,0,0,0,0,0,0,0,0,0,0
296,1,73.55,1,61.11,0,0,0,0,0,0,0,0,0,0,1
297,0,100.0,0,0.0,0,0,0,0,0,0,0,0,0,0,0
298,0,100.0,0,0.0,0,0,0,0,0,0,0,0,0,0,0
299,0,100.0,0,0.0,0,0,0,0,0,0,0,0,0,0,0
300,0,100.0,0,0.0,0,0,0,0,0,0,0,0,0,0,0
301,0,100.0,0,0.0,0,0,0,0,0,0,0,0,0,0,0
302,0,100.0,0,0.0,0,0,0,0,0,0,0,0,0,0,0
303,0,100.0,0,0.0,0,0,0,0,0,0,0,0,0,0,0
304,0,100.0,1,29.0,0,0,0,0,0,0,0,0,0,0,0
305,0,100.0,0,0.0,0,0,0,0,0,0,0,0,0,0,0
306,0,100.0,0,0.0,0,0,0,0,0,0,0,0,0,0,0
307,1,36.47,1,28.78,0,0,0,0,0,0,0,0,0,0,1
308,1,16.65,1,27.98,0,0,0,0,0,0,0,0,0,0,1
309,1,48.54,0,0.0,0,0,0,0,0,0,0,0,0,0,1
310,0,100.0,0,0.0,0,0,0,0,0,0,0,0,0,0,0
311,0,100.0,0,0.0,0,0,0,0,0,0,0,0,0,0,0
312,0,100.0,0,0.0,0,0,0,0,0,0,0,0,0,0,0
313,1,37.01,1,20.93,0,0,0,0,0,0,0,0,0,0,1
314,0,100.0,0,0.0,0,0,0,0,0,0,0,0,0,0,0
315,1,24.06,1,27.25,1,1,0,0,0,0,0,0,0,0,0
316,0,100.0,0,0.0,0,0,0,0,0,0,0,0,0,0,0
317,1,37.28,1,9.28,1,1,0,0,0,0,0,0,0,0,0
318,0,100.0,0,0.0,0,0,0,0,0,0,0,0,0,0,0
319,0,100.0,0,0.0,0,0,0,0,0,0,0,0,0,0,0
320,1,34.2,1,27.29,0,0,0,0,0,0,0,0,0,0,1
321,0,100.0,0,0.0,0,0,0,0,0,0,0,0,0,0,0
322,0,100.0,0,0.0,0,0,0,0,0,0,0,0,0,0,0
323,0,100.0,0,0.0,0,0,0,0,0,0,0,0,0,0,0
324,0,100.0,0,0.0,0,0,0,0,0,0,0,0,0,0,0
325,1,24.99,1,29.64,0,0,0,0,0,0,0,0,0,0,1
326,0,100.0,0,0.0,0,0,0,0,0,0,0,0,0,0,0
327,0,100.0,0,0.0,0,0,0,0,0,0,0,0,0,0,0
328,1,48.5,0,0.0,0,0,0,0,0,0,0,0,0,0,1
329,0,100.0,0,0.0,0,0,0,0,0,0,0,0,0,0,0
330,1,37.25,1,58.4,1,1,0,0,0,0,0,0,0,0,0
331,0,100.0,1,14.11,0,0,0,0,0,0,0,0,0,0,0
332,0,100.0,0,0.0,0,0,0,0,0,0,0,0,0,0,0
333,0,100.0,0,0.0,0,0,0,0,0,0,0,0,0,0,0
334,0,100.0,0,0.0,0,0,0,0,0,0,0,0,0,0,0
335,0,100.0,0,0.0,0,0,0,0,0,0,0,0,0,0,0
336,0,100.0,0,0.0,0,0,0,0,0,0,0,0,0,0,0
337,0,100.0,0,0.0,0,0,0,0,0,0,0,0,0,0,0
338,0,100.0,0,0.0,0,0,0,0,0,0,0,0,0,0,0
339,0,100.0,0,0.0,0,0,0,0,0,0,0,0,0,0,0
340,0,100.0,0,0.0,0,0,0,0,0,0,0,0,0,0,0
341,0,100.0,0,0.0,0,0,0,0,0,0,0,0,0,0,0
342,0,100.0,0,0.0,0,0,0,0,0,0,0,0,0,0,0
343,0,100.0,0,0.0,0,0,0,0,0,0,0,0,0,0,0
344,0,100.0,0,0.0,0,0,0,0,0,0,0,0,0,0,0
345,0,100.0,0,0.0,0,0,0,0,0,0,0,0,0,0,0
346,0,100.0,0,0.0,0,0,0,0,0,0,0,0,0,0,0
347,0,100.0,0,0.0,0,0,0,0,0,0,0,0,0,0,0
348,0,100.0,0,0.0,0,0,0,0,0,0,0,0,0,0,0
349,1,25.64,1,34.46,0,0,0,0,0,0,0,0,0,0,1
350,0,100.0,0,0.0,0,0,0,0,0,0,0,0,0,0,0
351,1,61.7,0,0.0,0,0,0,0,0,0,0,0,0,0,1
352,0,100.0,0,0.0,0,0,0,0,0,0,0,0,0,0,0
353,1,23.19,1,48.52,1,1,0,0,0,0,0,0,0,0,0
354,1,43.89,0,0.0,0,0,0,0,0,0,0,0,0,0,1
355,0,100.0,1,52.73,0,0,0,0,0,0,0,0,0,0,0
356,1,41.02,0,0.0,0,0,0,0,0,0,0,0,0,0,1
357,0,100.0,0,0.0,0,0,0,0,0,0,0,0,0,0,0
358,0,100.0,0,0.0,0,0,0,0,0,0,0,0,0,0,0
359,0,100.0,1,44.68,0,0,0,0,0,0,0,0,0,0,0
360,0,100.0,0,0.0,0,0,0,0,0,0,0,0,0,0,0
361,1,30.84,0,0.0,1,1,0,0,0,0,0,0,0,0,0
362,0,100.0,0,0.0,0,0,0,0,0,0,0,0,0,0,0
363,1,39.26,1,33.9,1,1,0,0,0,0,0,0,0,0,0
364,0,100.0,0,0.0,0,0,0,0,0,0,0,0,0,0,0
365,0,100.0,0,0.0,0,0,0,0,0,0,0,0,0,0,0
366,1,27.93,1,17.21,1,1,0,0,0,0,0,0,0,0,0
367,1,25.94,1,33.97,1,1,0,0,0,0,0,0,0,0,0
368,1,25.77,1,39.67,0,0,0,0,0,0,0,0,0,0,1
369,0,100.0,1,24.64,0,0,0,0,0,0,0,0,0,0,0
370,0,100.0,0,0.0,0,0,0,0,0,0,0,0,0,0,0
371,0,100.0,0,0.0,0,0,0,0,0,0,0,0,0,0,0
372,0,100.0,0,0.0,0,0,0,0,0,0,0,0,0,0,0
373,1,55.18,0,0.0,0,0,0,0,0,0,0,0,0,0,1
374,0,100.0,0,0.0,0,0,0,0,0,0,0,0,0,0,0
375,0,100.0,1,36.72,0,0,0,0,0,0,0,0,0,0,0
376,1,25.39,1,50.23,0,0,0,0,0,0,0,0,0,0,1
377,0,100.0,0,0.0,0,0,0,0,0,0,0,0,0,0,0
378,1,46.4,0,0.0,0,0,0,0,0,0,0,0,0,0,1
379,0,100.0,0,0.0,0,0,0,0,0,0,0,0,0,0,0
380,0,100.0,0,0.0,0,0,0,0,0,0,0,0,0,0,0
381,1,30.95,1,26.17,1,1,0,0,0,0,0,0,0,0,0
382,1,26.35,1,38.32,1,1,0,0,0,0,0,0,0,0,0
383,0,100.0,1,11.59,0,0,0,0,0,0,0,0,0,0,0
384,0,100.0,0,0.0,0,0,0,0,0,0,0,0,0,0,0
385,0,100.0,0,0.0,0,0,0,0,0,0,0,0,0,0,0
386,0,100.0,0,0.0,0,0,0,0,0,0,0,0,0,0,0
387,0,100.0,0,0.0,0,0,0,0,0,0,0,0,0,0,0
388,0,100.0,0,0.0,0,0,0,0,0,0,0,0,0,0,0
389,0,100.0,0,0.0,0,0,0,0,0,0,0,0,0,0,0
390,1,42.33,1,25.29,0,0,0,0,0,0,0,0,0,0,1
391,0,100.0,0,0.0,0,0,0,0,0,0,0,0,0,0,0
392,0,100.0,0,0.0,0,0,0,0,0,0,0,0,0,0,0
393,0,100.0,0,0.0,0,0,0,0,0,0,0,0,0,0,0
394,0,100.0,0,0.0,0,0,0,0,0,0,0,0,0,0,0
395,0,100.0,0,0.0,0,0,0,0,0,0,0,0,0,0,0
396,0,100.0,0,0.0,0,0,0,0,0,0,0,0,0,0,0
397,0,100.0,0,0.0,0,0,0,0,0,0,0,0,0,0,0
398,0,100.0,0,0.0,0,0,0,0,0,0,0,0,0,0,0
399,0,100.0,0,0.0,0,0,0,0,0,0,0,0,0,0,0
400,0,100.0,0,0.0,0,0,0,0,0,0,0,0,0,0,0
401,0,100.0,0,0.0,0,0,0,0,0,0,0,0,0,0,0
402,1,36.35,1,30.82,1,1,0,0,0,0,0,0,0,0,0
403,0,100.0,0,0.0,0,0,0,0,0,0,0,0,0,0,0
404,0,100.0,1,18.4,0,0,0,0,0,0,0,0,0,0,0
405,1,31.53,1,35.23,1,1,0,0,0,0,0,0,0,0,0
406,0,100.0,0,0.0,0,0,0,0,0,0,0,0,0,0,0
407,0,100.0,0,0.0,0,0,0,0,0,0,0,0,0,0,0
408,0,100.0,0,0.0,0,0,0,0,0,0,0,0,0,0,0
409,0,100.0,0,0.0,0,0,0,0,0,0,0,0,0,0,0
410,0,100.0,1,32.99,0,0,0,0,0,0,0,0,0,0,0
411,1,30.98,1,48.56,1,1,0,0,0,0,0,0,0,0,0
412,0,100.0,0,0.0,0,0,0,0,0,0,0,0,0,0,0
413,0,100.0,0,0.0,0,0,0,0,0,0,0,0,0,0,0
414,0,100.0,0,0.0,0,0,0,0,0,0,0,0,0,0,0
415,0,100.0,0,0.0,0,0,0,0,0,0,0,0,0,0,0
416,0,100.0,0,0.0,0,0,0,0,0,0,0,0,0,0,0
417,0,100.0,0,0.0,0,0,0,0,0,0,0,0,0,0,0
418,0,100.0,0,0.0,0,0,0,0,0,0,0,0,0,0,0
419,0,100.0,1,28.07,0,0,0,0,0,0,0,0,0,0,0
420,0,100.0,0,0.0,0,0,0,0,0,0,0,0,0,0,0
421,0,100.0,0,0.0,0,0,0,0,0,0,0,0,0,0,0
422,0,100.0,0,0.0,0,0,0,0,0,0,0,0,0,0,0
423,0,100.0,0,0.0,0,0,0,0,0,0,0,0,0,0,0
424,1,39.08,0,0.0,0,0,0,0,0,0,0,0,0,0,1
425,0,100.0,0,0.0,0,0,0,0,0,0,0,0,0,0,0
426,0,100.0,0,0.0,0,0,0,0,0,0,0,0,0,0,0
427,0,100.0,0,0.0,0,0,0,0,0,0,0,0,0,0,0
428,0,100.0,0,0.0,0,0,0,0,0,0,0,0,0,0,0
429,0,100.0,0,0.0,0,0,0,0,0,0,0,0,0,0,0
430,0,100.0,0,0.0,0,0,0,0,0,0,0,0,0,0,0
431,0,100.0,0,0.0,0,0,0,0,0,0,0,0,0,0,0
432,0,100.0,1,26.48,0,0,0,0,0,0,0,0,0,0,0
433,0,100.0,1,28.2,0,0,0,0,0,0,0,0,0,0,0
434,0,100.0,0,0.0,0,0,0,0,0,0,0,0,0,0,0
435,0,100.0,0,0.0,0,0,0,0,0,0,0,0,0,0,0
436,0,100.0,0,0.0,0,0,0,0,0,0,0,0,0,0,0
437,0,100.0,1,18.39,0,0,0,0,0,0,0,0,0,0,0
438,0,100.0,0,0.0,0,0,0,0,0,0,0,0,0,0,0
439,0,100.0,0,0.0,0,0,0,0,0,0,0,0,0,0,0
440,1,35.86,1,30.29,1,1,0,0,0,0,0,0,0,0,0
441,0,100.0,0,0.0,0,0,0,0,0,0,0,0,0,0,0
442,0,100.0,0,0.0,0,0,0,0,0,0,0,0,0,0,0
443,1,22.35,0,0.0,0,0,0,0,0,0,0,0,0,0,1
444,0,100.0,0,0.0,0,0,0,0,0,0,0,0,0,0,0
445,0,100.0,0,0.0,0,0,0,0,0,0,0,0,0,0,0
446,0,100.0,0,0.0,0,0,0,0,0,0,0,0,0,0,0
447,0,100.0,0,0.0,0,0,0,0,0,0,0,0,0,0,0
448,0,100.0,0,0.0,0,0,0,0,0,0,0,0,0,0,0
449,0,100.0,0,0.0,0,0,0,0,0,0,0,0,0,0,0
450,1,35.08,1,49.33,0,0,0,0,0,0,0,0,0,0,1
451,0,100.0,0,0.0,0,0,0,0,0,0,0,0,0,0,0
452,0,100.0,0,0.0,0,0,0,0,0,0,0,0,0,0,0
453,0,100.0,0,0.0,0,0,0,0,0,0,0,0,0,0,0
454,1,40.97,0,0.0,0,0,0,0,0,0,0,0,0,0,1
455,0,100.0,0,0.0,0,0,0,0,0,0,0,0,0,0,0
456,1,46.57,0,0.0,0,0,0,0,0,0,0,0,0,0,1
457,0,100.0,0,0.0,0,0,0,0,0,0,0,0,0,0,0
458,0,100.0,0,0.0,0,0,0,0,0,0,0,0,0,0,0
459,0,100.0,0,0.0,0,0,0,0,0,0,0,0,0,0,0
460,1,93.66,0,0.0,0,0,0,0,0,0,0,0,0,0,1
461,0,100.0,0,0.0,0,0,0,0,0,0,0,0,0,0,0
462,0,100.0,0,0.0,0,0,0,0,0,0,0,0,0,0,0
463,0,100.0,1,26.21,0,0,0,0,0,0,0,0,0,0,0
464,0,100.0,1,12.39,0,0,0,0,0,0,0,0,0,0,0
465,0,100.0,0,0.0,0,0,0,0,0,0,0,0,0,0,0
466,1,28.5,1,56.41,1,1,0,0,0,0,0,0,0,0,0
467,1,25.74,1,45.39,1,1,0,0,0,0,0,0,0,0,0
468,0,100.0,0,0.0,0,0,0,0,0,0,0,0,0,0,0
469,1,29.18,1,31.88,0,0,0,0,0,0,0,0,0,0,1
470,0,100.0,0,0.0,0,0,0,0,0,0,0,0,0,0,0
471,0,100.0,0,0.0,0,0,0,0,0,0,0,0,0,0,0
472,0,100.0,1,27.04,0,0,0,0,0,0,0,0,0,0,0
473,0,100.0,0,0.0,0,0,0,0,0,0,0,0,0,0,0
474,0,100.0,0,0.0,0,0,0,0,0,0,0,0,0,0,0
475,0,100.0,0,0.0,0,0,0,0,0,0,0,0,0,0,0
476,1,93.8,0,0.0,0,0,0,0,0,0,0,0,0,0,1
477,0,100.0,0,0.0,0,0,0,0,0,0,0,0,0,0,0
478,0,100.0,0,0.0,0,0,0,0,0,0,0,0,0,0,0
479,0,100.0,0,0.0,0,0,0,0,0,0,0,0,0,0,0
480,0,100.0,0,0.0,0,0,0,0,0,0,0,0,0,0,0
481,0,100.0,0,0.0,0,0,0,0,0,0,0,0,0,0,0
482,0,100.0,0,0.0,0,0,0,0,0,0,0,0,0,0,0
483,0,100.0,1,10.7,0,0,0,0,0,0,0,0,0,0,0
484,0,100.0,0,0.0,0,0,0,0,0,0,0,0,0,0,0
485,0,100.0,0,0.0,0,0,0,0,0,0,0,0,0,0,0
486,0,100.0,0,0.0,0,0,0,0,0,0,0,0,0,0,0
487,0,100.0,0,0.0,0,0,0,0,0,0,0,0,0,0,0
488,1,29.47,1,12.5,0,0,0,0,0,0,0,0,0,0,1
489,0,100.0,1,26.42,0,0,0,0,0,0,0,0,0,0,0
490,0,100.0,0,0.0,0,0,0,0,0,0,0,0,0,0,0
491,1,50.5,0,0.0,0,0,0,0,0,0,0,0,0,0,1
492,0,100.0,0,0.0,0,0,0,0,0,0,0,0,0,0,0
493,1,38.23,1,36.3,0,0,0,0,0,0,0,0,0,0,1
494,0,100.0,1,31.96,0,0,0,0,0,0,0,0,0,0,0
495,0,100.0,0,0.0,0,0,0,0,0,0,0,0,0,0,0
496,0,100.0,0,0.0,0,0,0,0,0,0,0,0,0,0,0
497,0,100.0,0,0.0,0,0,0,0,0,0,0,0,0,0,0
498,1,28.51,1,19.24,0,0,0,0,0,0,0,0,0,0,1
499,1,37.2,0,0.0,0,0,0,0,0,0,0,0,0,0,1
500,0,100.0,0,0.0,0,0,0,0,0,0,0,0,0,0,0
501,0,100.0,0,0.0,0,0,0,0,0,0,0,0,0,0,0
502,0,100.0,0,0.0,0,0,0,0,0,0,0,0,0,0,0
503,0,100.0,0,0.0,0,0,0,0,0,0,0,0,0,0,0
504,0,100.0,0,0.0,0,0,0,0,0,0,0,0,0,0,0
505,1,65.42,0,0.0,0,0,0,0,0,0,0,0,0,0,1
506,0,100.0,0,0.0,0,0,0,0,0,0,0,0,0,0,0
507,0,100.0,0,0.0,0,0,0,0,0,0,0,0,0,0,0
508,1,26.89,1,27.94,0,0,0,0,0,0,0,0,0,0,1
509,0,100.0,0,0.0,0,0,0,0,0,0,0,0,0,0,0
510,0,100.0,0,0.0,0,0,0,0,0,0,0,0,0,0,0
511,0,100.0,0,0.0,0,0,0,0,0,0,0,0,0,0,0
512,0,100.0,0,0.0,0,0,0,0,0,0,0,0,0,0,0
513,0,100.0,0,0.0,0,0,0,0,0,0,0,0,0,0,0
514,0,100.0,0,0.0,0,0,0,0,0,0,0,0,0,0,0
515,0,100.0,0,0.0,0,0,0,0,0,0,0,0,0,0,0
516,0,100.0,0,0.0,0,0,0,0,0,0,0,0,0,0,0
517,0,100.0,0,0.0,0,0,0,0,0,0,0,0,0,0,0
518,0,100.0,0,0.0,0,0,0,0,0,0,0,0,0,0,0
519,0,100.0,0,0.0,0,0,0,0,0,0,0,0,0,0,0
520,0,100.0,1,34.31,0,0,0,0,0,0,0,0,0,0,0
521,1,24.05,1,45.43,1,1,0,0,0,0,0,0,0,0,0
522,0,100.0,0,0.0,0,0,0,0,0,0,0,0,0,0,0
523,0,100.0,0,0.0,0,0,0,0,0,0,0,0,0,0,0
524,0,100.0,1,15.7,0,0,0,0,0,0,0,0,0,0,0
525,0,100.0,0,0.0,0,0,0,0,0,0,0,0,0,0,0
526,0,100.0,0,0.0,0,0,0,0,0,0,0,0,0,0,0
527,0,100.0,0,0.0,0,0,0,0,0,0,0,0,0,0,0
528,1,43.66,0,0.0,0,0,0,0,0,0,0,0,0,0,1
529,0,100.0,1,25.83,0,0,0,0,0,0,0,0,0,0,0
530,1,34.64,1,18.2,1,1,0,0,0,0,0,0,0,0,0
531,0,100.0,1,24.91,0,0,0,0,0,0,0,0,0,0,0
532,0,100.0,0,0.0,0,0,0,0,0,0,0,0,0,0,0
533,0,100.0,0,0.0,0,0,0,0,0,0,0,0,0,0,0
534,1,43.59,0,0.0,0,0,0,0,0,0,0,0,0,0,1
535,1,53.72,0,0.0,0,0,0,0,0,0,0,0,0,0,1
536,0,100.0,0,0.0,0,0,0,0,0,0,0,0,0,0,0
537,1,94.76,1,34.44,0,0,0,0,0,0,0,0,0,0,1
538,0,100.0,0,0.0,0,0,0,0,0,0,0,0,0,0,0
539,0,100.0,0,0.0,0,0,0,0,0,0,0,0,0,0,0
540,1,69.78,0,0.0,0,0,0,0,0,0,0,0,0,0,1
541,1,50.12,0,0.0,0,0,0,0,0,0,0,0,0,0,1
542,1,22.33,1,24.5,0,0,0,0,0,0,0,0,0,0,1
543,0,100.0,0,0.0,0,0,0,0,0,0,0,0,0,0,0
544,1,54.3,0,0.0,0,0,0,0,0,0,0,0,0,0,1
545,1,37.69,1,43.81,0,0,0,0,0,0,0,0,0,0,1
546,0,100.0,1,27.92,0,0,0,0,0,0,0,0,0,0,0
547,0,100.0,0,0.0,0,0,0,0,0,0,0,0,0,0,0
548,0,100.0,1,33.19,0,0,0,0,0,0,0,0,0,0,0
549,0,100.0,0,0.0,0,0,0,0,0,0,0,0,0,0,0
550,0,100.0,0,0.0,0,0,0,0,0,0,0,0,0,0,0
551,1,89.13,1,32.6,0,0,0,0,0,0,0,0,0,0,1
552,0,100.0,0,0.0,0,0,0,0,0,0,0,0,0,0,0
553,0,100.0,1,19.95,0,0,0,0,0,0,0,0,0,0,0
554,0,100.0,0,0.0,0,0,0,0,0,0,0,0,0,0,0
555,1,44.82,0,0.0,0,0,0,0,0,0,0,0,0,0,1
556,1,43.18,0,0.0,0,0,0,0,0,0,0,0,0,0,1
557,0,100.0,0,0.0,0,0,0,0,0,0,0,0,0,0,0
558,1,41.11,1,13.1,0,0,0,0,0,0,0,0,0,0,1
559,0,100.0,0,0.0,0,0,0,0,0,0,0,0,0,0,0
560,0,100.0,0,0.0,0,0,0,0,0,0,0,0,0,0,0
561,1,24.4,1,45.58,1,1,0,0,0,0,0,0,0,0,0
562,0,100.0,1,40.21,0,0,0,0,0,0,0,0,0,0,0
563,1,19.06,1,27.87,0,0,0,0,0,0,0,0,0,0,1
564,0,100.0,1,19.62,0,0,0,0,0,0,0,0,0,0,0
565,0,100.0,0,0.0,0,0,0,0,0,0,0,0,0,0,0
566,0,100.0,0,0.0,0,0,0,0,0,0,0,0,0,0,0
567,0,100.0,1,33.26,0,0,0,0,0,0,0,0,0,0,0
568,1,43.42,1,47.72,0,0,0,0,0,0,0,0,0,0,1
569,0,100.0,0,0.0,0,0,0,0,0,0,0,0,0,0,0
570,0,100.0,0,0.0,0,0,0,0,0,0,0,0,0,0,0
571,0,100.0,0,0.0,0,0,0,0,0,0,0,0,0,0,0
572,0,100.0,1,27.85,0,0,0,0,0,0,0,0,0,0,0
573,0,100.0,0,0.0,0,0,0,0,0,0,0,0,0,0,0
574,0,100.0,0,0.0,0,0,0,0,0,0,0,0,0,0,0
575,1,32.67,1,54.99,0,0,0,0,0,0,0,0,0,0,1
576,0,100.0,0,0.0,0,0,0,0,0,0,0,0,0,0,0
577,1,44.99,1,35.85,0,0,0,0,0,0,0,0,0,0,1
578,0,100.0,0,0.0,0,0,0,0,0,0,0,0,0,0,0
579,0,100.0,0,0.0,0,0,0,0,0,0,0,0,0,0,0
580,1,56.95,0,0.0,0,0,0,0,0,0,0,0,0,0,1
581,1,31.7,1,45.39,0,0,0,0,0,0,0,0,0,0,1
582,0,100.0,1,37.69,0,0,0,0,0,0,0,0,0,0,0
583,0,100.0,0,0.0,0,0,0,0,0,0,0,0,0,0,0
584,0,100.0,0,0.0,0,0,0,0,0,0,0,0,0,0,0
585,0,100.0,0,0.0,0,0,0,0,0,0,0,0,0,0,0
586,0,100.0,0,0.0,0,0,0,0,0,0,0,0,0,0,0
587,0,100.0,0,0.0,0,0,0,0,0,0,0,0,0,0,0
588,0,100.0,0,0.0,0,0,0,0,0,0,0,0,0,0,0
589,0,100.0,1,10.62,0,0,0,0,0,0,0,0,0,0,0
590,0,100.0,0,0.0,0,0,0,0,0,0,0,0,0,0,0
591,0,100.0,0,0.0,0,0,0,0,0,0,0,0,0,0,0
592,0,100.0,0,0.0,0,0,0,0,0,0,0,0,0,0,0
593,0,100.0,1,31.58,0,0,0,0,0,0,0,0,0,0,0
594,0,100.0,0,0.0,0,0,0,0,0,0,0,0,0,0,0
595,0,100.0,0,0.0,0,0,0,0,0,0,0,0,0,0,0
596,1,56.72,0,0.0,0,0,0,0,0,0,0,0,0,0,1
597,0,100.0,0,0.0,0,0,0,0,0,0,0,0,0,0,0
598,0,100.0,0,0.0,0,0,0,0,0,0,0,0,0,0,0
599,1,37.53,0,0.0,0,0,0,0,0,0,0,0,0,0,1
600,1,22.02,1,45.41,0,0,0,0,0,0,0,0,0,0,1
601,0,100.0,0,0.0,0,0,0,0,0,0,0,0,0,0,0
602,0,100.0,0,0.0,0,0,0,0,0,0,0,0,0,0,0
603,0,100.0,0,0.0,0,0,0,0,0,0,0,0,0,0,0
604,1,26.14,1,27.14,1,1,0,0,0,0,0,0,0,0,0
605,0,100.0,0,0.0,0,0,0,0,0,0,0,0,0,0,0
606,0,100.0,0,0.0,0,0,0,0,0,0,0,0,0,0,0
607,0,100.0,0,0.0,0,0,0,0,0,0,0,0,0,0,0
608,0,100.0,1,37.84,0,0,0,0,0,0,0,0,0,0,0
609,0,100.0,0,0.0,0,0,0,0,0,0,0,0,0,0,0
610,0,100.0,0,0.0,0,0,0,0,0,0,0,0,0,0,0
611,0,100.0,0,0.0,0,0,0,0,0,0,0,0,0,0,0
612,1,56.56,1,46.82,0,0,0,0,0,0,0,0,0,0,1
613,0,100.0,0,0.0,0,0,0,0,0,0,0,0,0,0,0
614,0,100.0,0,0.0,0,0,0,0,0,0,0,0,0,0,0
615,0,100.0,0,0.0,0,0,0,0,0,0,0,0,0,0,0
616,0,100.0,0,0.0,0,0,0,0,0,0,0,0,0,0,0
617,0,100.0,1,32.6,0,0,0,0,0,0,0,0,0,0,0
618,0,100.0,0,0.0,0,0,0,0,0,0,0,0,0,0,0
619,0,100.0,1,11.56,0,0,0,0,0,0,0,0,0,0,0
620,0,100.0,0,0.0,0,0,0,0,0,0,0,0,0,0,0
621,0,100.0,0,0.0,0,0,0,0,0,0,0,0,0,0,0
622,0,100.0,0,0.0,0,0,0,0,0,0,0,0,0,0,0
623,1,37.62,1,16.42,1,1,0,0,0,0,0,0,0,0,0
624,0,100.0,0,0.0,0,0,0,0,0,0,0,0,0,0,0
625,0,100.0,0,0.0,0,0,0,0,0,0,0,0,0,0,0
626,0,100.0,0,0.0,0,0,0,0,0,0,0,0,0,0,0
627,0,100.0,1,39.85,0,0,0,0,0,0,0,0,0,0,0
628,0,100.0,0,0.0,0,0,0,0,0,0,0,0,0,0,0
629,1,43.85,0,0.0,0,0,0,0,0,0,0,0,0,0,1
630,0,100.0,0,0.0,0,0,0,0,0,0,0,0,0,0,0
631,0,100.0,0,0.0,0,0,0,0,0,0,0,0,0,0,0
632,0,100.0,0,0.0,0,0,0,0,0,0,0,0,0,0,0
633,0,100.0,0,0.0,0,0,0,0,0,0,0,0,0,0,0
634,0,100.0,0,0.0,0,0,0,0,0,0,0,0,0,0,0
635,0,100.0,0,0.0,0,0,0,0,0,0,0,0,0,0,0
636,0,100.0,0,0.0,0,0,0,0,0,0,0,0,0,0,0
637,0,100.0,0,0.0,0,0,0,0,0,0,0,0,0,0,0
638,0,100.0,0,0.0,0,0,0,0,0,0,0,0,0,0,0
639,1,28.8,0,0.0,1,1,0,0,0,0,0,0,0,0,0
640,0,100.0,1,30.5,0,0,0,0,0,0,0,0,0,0,0
641,0,100.0,0,0.0,0,0,0,0,0,0,0,0,0,0,0
642,0,100.0,0,0.0,0,0,0,0,0,0,0,0,0,0,0
643,0,100.0,0,0.0,0,0,0,0,0,0,0,0,0,0,0
644,0,100.0,0,0.0,0,0,0,0,0,0,0,0,0,0,0
645,1,52.62,0,0.0,0,0,0,0,0,0,0,0,0,0,1
646,0,100.0,1,25.69,0,0,0,0,0,0,0,0,0,0,0
647,0,100.0,0,0.0,0,0,0,0,0,0,0,0,0,0,0
648,1,28.77,1,42.64,0,0,0,0,0,0,0,0,0,0,1
649,0,100.0,0,0.0,0,0,0,0,0,0,0,0,0,0,0
650,0,100.0,0,0.0,0,0,0,0,0,0,0,0,0,0,0
651,0,100.0,0,0.0,0,0,0,0,0,0,0,0,0,0,0
652,0,100.0,0,0.0,0,0,0,0,0,0,0,0,0,0,0
653,0,100.0,0,0.0,0,0,0,0,0,0,0,0,0,0,0
654,0,100.0,0,0.0,0,0,0,0,0,0,0,0,0,0,0
655,0,100.0,0,0.0,0,0,0,0,0,0,0,0,0,0,0
656,0,100.0,0,0.0,0,0,0,0,0,0,0,0,0,0,0
657,0,100.0,0,0.0,0,0,0,0,0,0,0,0,0,0,0
658,0,100.0,0,0.0,0,0,0,0,0,0,0,0,0,0,0
659,0,100.0,0,0.0,0,0,0,0,0,0,0,0,0,0,0
660,0,100.0,0,0.0,0,0,0,0,0,0,0,0,0,0,0
661,0,100.0,0,0.0,0,0,0,0,0,0,0,0,0,0,0
662,0,100.0,0,0.0,0,0,0,0,0,0,0,0,0,0,0
663,0,100.0,0,0.0,0,0,0,0,0,0,0,0,0,0,0
664,0,100.0,0,0.0,0,0,0,0,0,0,0,0,0,0,0
665,1,36.32,1,22.43,0,0,0,0,0,0,0,0,0,0,1
666,0,100.0,0,0.0,0,0,0,0,0,0,0,0,0,0,0
667,0,100.0,0,0.0,0,0,0,0,0,0,0,0,0,0,0
668,1,27.52,1,34.7,1,1,0,0,0,0,0,0,0,0,0
669,0,100.0,0,0.0,0,0,0,0,0,0,0,0,0,0,0
670,0,100.0,0,0.0,0,0,0,0,0,0,0,0,0,0,0
671,1,26.15,1,27.88,1,1,0,0,0,0,0,0,0,0,0
672,0,100.0,0,0.0,0,0,0,0,0,0,0,0,0,0,0
673,0,100.0,0,0.0,0,0,0,0,0,0,0,0,0,0,0
674,0,100.0,0,0.0,0,0,0,0,0,0,0,0,0,0,0
675,0,100.0,0,0.0,0,0,0,0,0,0,0,0,0,0,0
676,0,100.0,0,0.0,0,0,0,0,0,0,0,0,0,0,0
677,1,41.07,0,0.0,0,0,0,0,0,0,0,0,0,0,1
678,0,100.0,1,43.06,0,0,0,0,0,0,0,0,0,0,0
679,0,100.0,0,0.0,0,0,0,0,0,0,0,0,0,0,0
680,0,100.0,0,0.0,0,0,0,0,0,0,0,0,0,0,0
681,0,100.0,1,28.63,0,0,0,0,0,0,0,0,0,0,0
682,0,100.0,1,22.97,0,0,0,0,0,0,0,0,0,0,0
683,1,42.8,1,11.45,1,1,0,0,0,0,0,0,0,0,0
684,0,100.0,0,0.0,0,0,0,0,0,0,0,0,0,0,0
685,0,100.0,0,0.0,0,0,0,0,0,0,0,0,0,0,0
686,0,100.0,0,0.0,0,0,0,0,0,0,0,0,0,0,0
687,0,100.0,1,15.74,0,0,0,0,0,0,0,0,0,0,0
688,0,100.0,0,0.0,0,0,0,0,0,0,0,0,0,0,0
689,0,100.0,1,33.92,0,0,0,0,0,0,0,0,0,0,0
690,0,100.0,0,0.0,0,0,0,0,0,0,0,0,0,0,0
691,0,100.0,0,0.0,0,0,0,0,0,0,0,0,0,0,0
692,0,100.0,0,0.0,0,0,0,0,0,0,0,0,0,0,0
693,0,100.0,0,0.0,0,0,0,0,0,0,0,0,0,0,0
694,0,100.0,0,0.0,0,0,0,0,0,0,0,0,0,0,0
695,1,37.94,0,0.0,0,0,0,0,0,0,0,0,0,0,1
696,0,100.0,0,0.0,0,0,0,0,0,0,0,0,0,0,0
697,0,100.0,0,0.0,0,0,0,0,0,0,0,0,0,0,0
698,0,100.0,0,0.0,0,0,0,0,0,0,0,0,0,0,0
699,0,100.0,0,0.0,0,0,0,0,0,0,0,0,0,0,0
700,0,100.0,0,0.0,0,0,0,0,0,0,0,0,0,0,0
701,1,24.89,1,50.8,0,0,0,0,0,0,0,0,0,0,1
702,1,20.76,0,0.0,1,1,0,0,0,0,0,0,0,0,0
703,0,100.0,0,0.0,0,0,0,0,0,0,0,0,0,0,0
704,0,100.0,0,0.0,0,0,0,0,0,0,0,0,0,0,0
705,0,100.0,0,0.0,0,0,0,0,0,0,0,0,0,0,0
706,0,100.0,0,0.0,0,0,0,0,0,0,0,0,0,0,0
707,0,100.0,0,0.0,0,0,0,0,0,0,0,0,0,0,0
708,1,58.59,1,15.68,0,0,0,0,0,0,0,0,0,0,1
709,0,100.0,0,0.0,0,0,0,0,0,0,0,0,0,0,0
710,0,100.0,0,0.0,0,0,0,0,0,0,0,0,0,0,0
711,0,100.0,0,0.0,0,0,0,0,0,0,0,0,0,0,0
712,0,100.0,0,0.0,0,0,0,0,0,0,0,0,0,0,0
713,0,100.0,0,0.0,0,0,0,0,0,0,0,0,0,0,0
714,0,100.0,0,0.0,0,0,0,0,0,0,0,0,0,0,0
715,1,94.9,0,0.0,0,0,0,0,0,0,0,0,0,0,1
716,0,100.0,0,0.0,0,0,0,0,0,0,0,0,0,0,0
717,0,100.0,0,0.0,0,0,0,0,0,0,0,0,0,0,0
718,0,100.0,0,0.0,0,0,0,0,0,0,0,0,0,0,0
719,1,43.27,0,0.0,0,0,0,0,0,0,0,0,0,0,1
720,0,100.0,0,0.0,0,0,0,0,0,0,0,0,0,0,0
721,1,60.97,0,0.0,0,0,0,0,0,0,0,0,0,0,1
722,1,59.33,0,0.0,0,0,0,0,0,0,0,0,0,0,1
723,1,34.09,1,28.88,0,0,0,0,0,0,0,0,0,0,1
724,1,25.26,1,20.93,0,0,0,0,0,0,0,0,0,0,1
725,1,21.91,1,52.03,0,0,0,0,0,0,0,0,0,0,1
726,1,21.17,1,43.91,1,1,0,0,0,0,0,0,0,0,0
727,0,100.0,0,0.0,0,0,0,0,0,0,0,0,0,0,0
728,0,100.0,1,13.4,0,0,0,0,0,0,0,0,0,0,0
729,0,100.0,0,0.0,0,0,0,0,0,0,0,0,0,0,0
730,0,100.0,0,0.0,0,0,0,0,0,0,0,0,0,0,0
731,0,100.0,0,0.0,0,0,0,0,0,0,0,0,0,0,0
732,1,26.33,1,55.44,1,1,0,0,0,0,0,0,0,0,0
733,0,100.0,0,0.0,0,0,0,0,0,0,0,0,0,0,0
734,0,100.0,0,0.0,0,0,0,0,0,0,0,0,0,0,0
735,0,100.0,0,0.0,0,0,0,0,0,0,0,0,0,0,0
736,0,100.0,0,0.0,0,0,0,0,0,0,0,0,0,0,0
737,0,100.0,1,30.15,0,0,0,0,0,0,0,0,0,0,0
738,0,100.0,0,0.0,0,0,0,0,0,0,0,0,0,0,0
739,0,100.0,0,0.0,0,0,0,0,0,0,0,0,0,0,0
740,1,25.04,1,37.22,0,0,0,0,0,0,0,0,0,0,1
741,0,100.0,0,0.0,0,0,0,0,0,0,0,0,0,0,0
742,0,100.0,0,0.0,0,0,0,0,0,0,0,0,0,0,0
743,1,93.27,0,0.0,0,0,0,0,0,0,0,0,0,0,1
744,1,48.54,0,0.0,0,0,0,0,0,0,0,0,0,0,1
745,0,100.0,0,0.0,0,0,0,0,0,0,0,0,0,0,0
746,0,100.0,0,0.0,0,0,0,0,0,0,0,0,0,0,0
747,1,29.81,1,40.8,1,1,0,0,0,0,0,0,0,0,0
748,0,100.0,0,0.0,0,0,0,0,0,0,0,0,0,0,0
749,1,46.22,0,0.0,0,0,0,0,0,0,0,0,0,0,1
750,0,100.0,0,0.0,0,0,0,0,0,0,0,0,0,0,0
751,0,100.0,0,0.0,0,0,0,0,0,0,0,0,0,0,0
752,0,100.0,0,0.0,0,0,0,0,0,0,0,0,0,0,0
753,0,100.0,0,0.0,0,0,0,0,0,0,0,0,0,0,0
754,0,100.0,0,0.0,0,0,0,0,0,0,0,0,0,0,0
755,1,51.78,0,0.0,0,0,0,0,0,0,0,0,0,0,1
756,1,35.15,1,36.3,0,0,0,0,0,0,0,0,0,0,1
757,0,100.0,0,0.0,0,0,0,0,0,0,0,0,0,0,0
758,0,100.0,0,0.0,0,0,0,0,0,0,0,0,0,0,0
759,0,100.0,0,0.0,0,0,0,0,0,0,0,0,0,0,0
760,0,100.0,0,0.0,0,0,0,0,0,0,0,0,0,0,0
761,0,100.0,0,0.0,0,0,0,0,0,0,0,0,0,0,0
762,0,100.0,0,0.0,0,0,0,0,0,0,0,0,0,0,0
763,0,100.0,0,0.0,0,0,0,0,0,0,0,0,0,0,0
764,1,94.18,1,20.04,0,0,0,0,0,0,0,0,0,0,1
765,0,100.0,0,0.0,0,0,0,0,0,0,0,0,0,0,0
766,0,100.0,0,0.0,0,0,0,0,0,0,0,0,0,0,0
767,0,100.0,1,34.58,0,0,0,0,0,0,0,0,0,0,0
768,0,100.0,0,0.0,0,0,0,0,0,0,0,0,0,0,0
769,1,52.07,0,0.0,0,0,0,0,0,0,0,0,0,0,1
770,0,100.0,0,0.0,0,0,0,0,0,0,0,0,0,0,0
771,0,100.0,0,0.0,0,0,0,0,0,0,0,0,0,0,0
772,0,100.0,1,34.9,0,0,0,0,0,0,0,0,0,0,0
773,1,37.47,1,13.18,1,1,0,0,0,0,0,0,0,0,0
774,0,100.0,0,0.0,0,0,0,0,0,0,0,0,0,0,0
775,0,100.0,0,0.0,0,0,0,0,0,0,0,0,0,0,0
776,0,100.0,0,0.0,0,0,0,0,0,0,0,0,0,0,0
777,0,100.0,0,0.0,0,0,0,0,0,0,0,0,0,0,0
778,1,25.92,1,13.57,0,0,0,0,0,0,0,0,0,0,1
779,0,100.0,0,0.0,0,0,0,0,0,0,0,0,0,0,0
780,0,100.0,0,0.0,0,0,0,0,0,0,0,0,0,0,0
781,0,100.0,0,0.0,0,0,0,0,0,0,0,0,0,0,0
782,1,31.49,1,44.56,1,1,0,0,0,0,0,0,0,0,0
783,0,100.0,0,0.0,0,0,0,0,0,0,0,0,0,0,0
784,0,100.0,0,0.0,0,0,0,0,0,0,0,0,0,0,0
785,0,100.0,0,0.0,0,0,0,0,0,0,0,0,0,0,0
786,1,29.07,1,39.2,1,1,0,0,0,0,0,0,0,0,0
787,0,100.0,0,0.0,0,0,0,0,0,0,0,0,0,0,0
788,0,100.0,0,0.0,0,0,0,0,0,0,0,0,0,0,0
789,0,100.0,0,0.0,0,0,0,0,0,0,0,0,0,0,0
790,1,46.56,1,50.88,0,0,0,0,0,0,0,0,0,0,1
791,1,50.01,0,0.0,0,0,0,0,0,0,0,0,0,0,1
792,0,100.0,0,0.0,0,0,0,0,0,0,0,0,0,0,0
793,1,55.92,0,0.0,0,0,0,0,0,0,0,0,0,0,1
794,0,100.0,0,0.0,0,0,0,0,0,0,0,0,0,0,0
795,0,100.0,0,0.0,0,0,0,0,0,0,0,0,0,0,0
796,0,100.0,1,22.61,0,0,0,0,0,0,0,0,0,0,0
797,0,100.0,0,0.0,0,0,0,0,0,0,0,0,0,0,0
798,0,100.0,0,0.0,0,0,0,0,0,0,0,0,0,0,0
799,1,41.6,0,0.0,0,0,0,0,0,0,0,0,0,0,1
800,1,24.23,1,4.66,1,1,0,0,0,0,0,0,0,0,0
801,0,100.0,0,0.0,0,0,0,0,0,0,0,0,0,0,0
802,0,100.0,0,0.0,0,0,0,0,0,0,0,0,0,0,0
803,0,100.0,0,0.0,0,0,0,0,0,0,0,0,0,0,0
804,0,100.0,0,0.0,0,0,0,0,0,0,0,0,0,0,0
805,0,100.0,0,0.0,0,0,0,0,0,0,0,0,0,0,0
806,0,100.0,0,0.0,0,0,0,0,0,0,0,0,0,0,0
807,0,100.0,0,0.0,0,0,0,0,0,0,0,0,0,0,0
808,1,38.18,1,7.97,1,1,0,0,0,0,0,0,0,0,0
809,1,26.44,0,0.0,1,1,0,0,0,0,0,0,0,0,0
810,0,100.0,1,26.12,0,0,0,0,0,0,0,0,0,0,0
811,0,100.0,0,0.0,0,0,0,0,0,0,0,0,0,0,0
812,1,47.94,0,0.0,0,0,0,0,0,0,0,0,0,0,1
813,1,34.89,1,20.93,1,1,0,0,0,0,0,0,0,0,0
814,0,100.0,0,0.0,0,0,0,0,0,0,0,0,0,0,0
815,0,100.0,0,0.0,0,0,0,0,0,0,0,0,0,0,0
816,0,100.0,0,0.0,0,0,0,0,0,0,0,0,0,0,0
817,0,100.0,0,0.0,0,0,0,0,0,0,0,0,0,0,0
818,0,100.0,0,0.0,0,0,0,0,0,0,0,0,0,0,0
819,0,100.0,0,0.0,0,0,0,0,0,0,0,0,0,0,0
820,1,45.87,0,0.0,0,0,0,0,0,0,0,0,0,0,1
821,0,100.0,0,0.0,0,0,0,0,0,0,0,0,0,0,0
822,0,100.0,1,15.65,0,0,0,0,0,0,0,0,0,0,0
823,0,100.0,0,0.0,0,0,0,0,0,0,0,0,0,0,0
824,0,100.0,0,0.0,0,0,0,0,0,0,0,0,0,0,0
825,1,55.7,0,0.0,0,0,0,0,0,0,0,0,0,0,1
826,0,100.0,0,0.0,0,0,0,0,0,0,0,0,0,0,0
827,0,100.0,0,0.0,0,0,0,0,0,0,0,0,0,0,0
828,0,100.0,0,0.0,0,0,0,0,0,0,0,0,0,0,0
829,1,21.37,1,25.34,0,0,0,0,0,0,0,0,0,0,1
830,0,100.0,0,0.0,0,0,0,0,0,0,0,0,0,0,0
831,0,100.0,0,0.0,0,0,0,0,0,0,0,0,0,0,0
832,0,100.0,0,0.0,0,0,0,0,0,0,0,0,0,0,0
833,0,100.0,0,0.0,0,0,0,0,0,0,0,0,0,0,0
834,0,100.0,0,0.0,0,0,0,0,0,0,0,0,0,0,0
835,0,100.0,0,0.0,0,0,0,0,0,0,0,0,0,0,0
836,0,100.0,1,40.29,0,0,0,0,0,0,0,0,0,0,0
837,1,42.58,1,11.0,0,0,0,0,0,0,0,0,0,0,1
838,0,100.0,1,19.85,0,0,0,0,0,0,0,0,0,0,0
839,1,34.85,1,56.05,1,1,0,0,0,0,0,0,0,0,0
840,0,100.0,0,0.0,0,0,0,0,0,0,0,0,0,0,0
841,0,100.0,1,47.59,0,0,0,0,0,0,0,0,0,0,0
842,0,100.0,1,8.09,0,0,0,0,0,0,0,0,0,0,0
843,0,100.0,0,0.0,0,0,0,0,0,0,0,0,0,0,0
844,0,100.0,0,0.0,0,0,0,0,0,0,0,0,0,0,0
845,0,100.0,0,0.0,0,0,0,0,0,0,0,0,0,0,0
846,1,50.23,0,0.0,0,0,0,0,0,0,0,0,0,0,1
847,0,100.0,0,0.0,0,0,0,0,0,0,0,0,0,0,0
848,1,30.13,1,37.09,1,1,0,0,0,0,0,0,0,0,0
849,0,100.0,0,0.0,0,0,0,0,0,0,0,0,0,0,0
850,0,100.0,0,0.0,0,0,0,0,0,0,0,0,0,0,0
851,0,100.0,0,0.0,0,0,0,0,0,0,0,0,0,0,0
852,0,100.0,0,0.0,0,0,0,0,0,0,0,0,0,0,0
853,0,100.0,0,0.0,0,0,0,0,0,0,0,0,0,0,0
854,0,100.0,1,36.7,0,0,0,0,0,0,0,0,0,0,0
855,0,100.0,0,0.0,0,0,0,0,0,0,0,0,0,0,0
856,0,100.0,0,0.0,0,0,0,0,0,0,0,0,0,0,0
857,1,93.11,1,34.33,0,0,0,0,0,0,0,0,0,0,1
858,0,100.0,0,0.0,0,0,0,0,0,0,0,0,0,0,0
859,1,35.11,0,0.0,0,0,0,0,0,0,0,0,0,0,1
860,0,100.0,0,0.0,0,0,0,0,0,0,0,0,0,0,0
861,0,100.0,0,0.0,0,0,0,0,0,0,0,0,0,0,0
862,0,100.0,0,0.0,0,0,0,0,0,0,0,0,0,0,0
863,1,41.18,0,0.0,0,0,0,0,0,0,0,0,0,0,1
864,0,100.0,0,0.0,0,0,0,0,0,0,0,0,0,0,0
865,0,100.0,0,0.0,0,0,0,0,0,0,0,0,0,0,0
866,1,68.97,0,0.0,0,0,0,0,0,0,0,0,0,0,1
867,0,100.0,0,0.0,0,0,0,0,0,0,0,0,0,0,0
868,1,62.22,1,57.51,0,0,0,0,0,0,0,0,0,0,1
869,0,100.0,0,0.0,0,0,0,0,0,0,0,0,0,0,0
870,0,100.0,0,0.0,0,0,0,0,0,0,0,0,0,0,0
871,1,39.19,1,30.64,1,1,0,0,0,0,0,0,0,0,0
872,1,38.13,0,0.0,0,0,0,0,0,0,0,0,0,0,1
873,0,100.0,0,0.0,0,0,0,0,0,0,0,0,0,0,0
874,0,100.0,0,0.0,0,0,0,0,0,0,0,0,0,0,0
875,0,100.0,0,0.0,0,0,0,0,0,0,0,0,0,0,0
876,1,22.8,1,29.02,0,0,0,0,0,0,0,0,0,0,1
877,0,100.0,0,0.0,0,0,0,0,0,0,0,0,0,0,0
878,0,100.0,0,0.0,0,0,0,0,0,0,0,0,0,0,0
879,0,100.0,0,0.0,0,0,0,0,0,0,0,0,0,0,0
880,0,100.0,0,0.0,0,0,0,0,0,0,0,0,0,0,0
881,1,67.37,0,0.0,0,0,0,0,0,0,0,0,0,0,1
882,0,100.0,0,0.0,0,0,0,0,0,0,0,0,0,0,0
883,0,100.0,0,0.0,0,0,0,0,0,0,0,0,0,0,0
884,0,100.0,0,0.0,0,0,0,0,0,0,0,0,0,0,0
885,0,100.0,0,0.0,0,0,0,0,0,0,0,0,0,0,0
886,1,65.75,0,0.0,0,0,0,0,0,0,0,0,0,0,1
887,0,100.0,0,0.0,0,0,0,0,0,0,0,0,0,0,0
888,0,100.0,0,0.0,0,0,0,0,0,0,0,0,0,0,0
889,0,100.0,0,0.0,0,0,0,0,0,0,0,0,0,0,0
890,0,100.0,0,0.0,0,0,0,0,0,0,0,0,0,0,0
891,0,100.0,0,0.0,0,0,0,0,0,0,0,0,0,0,0
892,0,100.0,0,0.0,0,0,0,0,0,0,0,0,0,0,0
893,0,100.0,0,0.0,0,0,0,0,0,0,0,0,0,0,0
894,0,100.0,0,0.0,0,0,0,0,0,0,0,0,0,0,0
895,0,100.0,0,0.0,0,0,0,0,0,0,0,0,0,0,0
896,0,100.0,0,0.0,0,0,0,0,0,0,0,0,0,0,0
897,0,100.0,0,0.0,0,0,0,0,0,0,0,0,0,0,0
898,0,100.0,0,0.0,0,0,0,0,0,0,0,0,0,0,0
899,0,100.0,0,0.0,0,0,0,0,0,0,0,0,0,0,0
900,0,100.0,0,0.0,0,0,0,0,0,0,0,0,0,0,0
901,0,100.0,0,0.0,0,0,0,0,0,0,0,0,0,0,0
902,0,100.0,0,0.0,0,0,0,0,0,0,0,0,0,0,0
903,0,100.0,1,20.28,0,0,0,0,0,0,0,0,0,0,0
904,0,100.0,0,0.0,0,0,0,0,0,0,0,0,0,0,0
905,0,100.0,0,0.0,0,0,0,0,0,0,0,0,0,0,0
906,0,100.0,1,15.88,0,0,0,0,0,0,0,0,0,0,0
907,0,100.0,1,37.22,0,0,0,0,0,0,0,0,0,0,0
908,1,94.08,0,0.0,0,0,0,0,0,0,0,0,0,0,1
909,0,100.0,0,0.0,0,0,0,0,0,0,0,0,0,0,0
910,0,100.0,0,0.0,0,0,0,0,0,0,0,0,0,0,0
911,0,100.0,0,0.0,0,0,0,0,0,0,0,0,0,0,0
